PAIR_ID;NODE_ID_A;FRASE_A;NODE_ID_B;FRASE_B;RELATION_TYPE;CONFIDENCE
1;regolamento:1:1;"Ai sensi e per gli effetti di cui all’art. 43 dello Statuto di Ateneo, il presente Regolamento contiene le norme relative all’organizzazione generale dell’Università di Pisa; in particolare contiene la disciplina elettorale relativa agli organi centrali di governo e agli altri organi collegiali, le norme relative alle modalità di funzionamento del Senato accademico e del Consiglio di Amministrazione, le procedure per l’istituzione e la disattivazione delle strutture universitarie, i criteri e le procedure per la definizione di atti di particolare rilevanza per l’Ateneo cui lo Statuto rinvia.";statuto:43;"Il Regolamento Generale di Ateneo contiene le norme relative all’organizzazione generale dell’Università; le modalità di funzionamento del Senato accademico e del Consiglio di Amministrazione; le procedure per la istituzione e la disattivazione delle strutture universitarie. Esso contiene inoltre i criteri e le procedure per la definizione di atti di particolare rilevanza per l’Ateneo, e le norme quadro per la predisposizione del Regolamento del Consiglio Studentesco e di quelli delle strutture. Contiene inoltre la disciplina delle materie cui il presente Statuto rinvia. Il Regolamento è approvato dal Senato accademico a maggioranza assoluta dei componenti.";explicit_reference;1.0
2;regolamento:107:1;Ai sensi dell’art. 21, comma 3, dello Statuto, il presente Capo disciplina le modalità di costituzione e funzionamento delle commissioni scientifiche di area.;statuto:21:3;La definizione delle aree scientifiche, la composizione e le modalità operative delle commissioni di cui al comma 2 sono disciplinate nel Regolamento Generale di Ateneo.;explicit_reference;1.0
3;regolamento:11:1;Fatto salvo quanto previsto dalle singole discipline elettorali di cui ai successivi Capi del presente Titolo, per i casi di incompatibilità si rinvia a quanto previsto dall’art. 50 dello Statuto e dalla normativa vigente in materia.;statuto:50;"Ai sensi del presente articolo per carica si intende quella di Rettore, di componente del Senato accademico e del Consiglio di Amministrazione, di Prorettore e Delegato di cui all’art. 12, comma 2.ter, di Direttore di dipartimento, di Presidente della scuola interdipartimentale, di Direttore di centro di Ateneo di cui all’art. 39, di Presidente di Sistema di Ateneo di cui all’art. 38. Il Rettore e i componenti del Senato accademico e del Consiglio di Amministrazione non possono: a. ricoprire altre cariche, fatta eccezione per il Rettore limitatamente al Senato accademico e al Consiglio di Amministrazione e, per i direttori di dipartimento, limitatamente al Senato accademico, qualora risultino eletti a farne parte; b. ricoprire la carica di Rettore, far parte del Consiglio di Amministrazione, del Senato accademico, del nucleo di valutazione o del Collegio dei revisori dei conti anche di altre università, anche telematiche, o di istituti di istruzione superiore italiani o stranieri, pubblici o privati; c. ricoprire il ruolo di Direttore di scuola di specializzazione e ogni altro incarico incompatibile ai sensi della normativa vigente. Il Prorettore vicario, i prorettori e i delegati di cui all’art. 12, comma 2.ter, i direttori dei dipartimenti e dei centri di Ateneo, i presidenti delle scuole interdipartimentali e i presidenti dei sistemi di Ateneo non possono ricoprire un’altra carica di cui al comma 1. Il Rettore, il Prorettore vicario, i prorettori e i delegati di cui all’art. 12, comma 2.ter, e i direttori dei dipartimenti non possono inoltre assumere la presidenza di corsi di studio e di dottorato. In ogni caso non è possibile assumere la responsabilità di più strutture didattiche, scientifiche e di servizio della medesima tipologia. Chi, ricoprendo una carica in un organo dell’università, è eletto a una carica incompatibile con la prima deve optare entro tre giorni per una delle due cariche. Le cariche e il ruolo di dirigente amministrativo sono incompatibili con quella di membro del Nucleo di valutazione di Ateneo. La carica di componente del Collegio dei revisori dei conti non può essere conferita al personale dipendente dell’Università di Pisa.";explicit_reference;1.0
4;regolamento:112:1;Salvo quanto previsto dall’art. 36, comma 3, dello Statuto, presso ciascun dipartimento è istituita una commissione, composta da un numero di membri pari al 12% dei componenti del Consiglio del dipartimento arrotondato al numero pari superiore, fino a un massimo di sedici, per metà docenti e per metà studenti. Nella componente docente è compreso anche il Direttore del dipartimento o suo delegato, con funzione di Presidente della commissione stessa.;statuto:36:3;I dipartimenti afferenti a una Scuola possono proporre di non istituire la propria Commissione paritetica e di attribuirne le competenze, previa delibera del Senato accademico, alla Commissione paritetica della scuola.;explicit_reference;1.0
5;regolamento:113:1;I criteri e le modalità di organizzazione e di funzionamento del Consiglio Studentesco sono fissati nel Regolamento previsto dall’art. 18 dello Statuto, che è approvato dal Senato accademico, previo parere favorevole del Consiglio di Amministrazione e parere obbligatorio del Consiglio Studentesco.;statuto:18;"Il Consiglio Studentesco è l’organo rappresentativo degli studenti dell’Università di Pisa, dotato di autonomia nell’organizzazione e nel coordinamento degli studenti e delle relative rappresentanze. Ha inoltre compiti di promozione della partecipazione studentesca. Il Consiglio è organo consultivo e propositivo per quanto attiene: a. agli ordinamenti didattici; b. ai regolamenti delle attività didattiche di cui agli articoli 25 e 34; c. all’attuazione del diritto allo studio; d. all’efficienza dei servizi; e. alle attività di orientamento e tutorato; f. alla regolamentazione per l’assegnazione dei fondi per le attività culturali autogestite dagli studenti; g. alla presenza, alle esigenze e agli interessi degli studenti universitari nei confronti del territorio; h. alla tutela delle necessità, delle esigenze e degli interessi, nonché alla raccolta delle istanze della componente studentesca all’interno dell’Ateneo. Il Consiglio delibera in merito allo svolgimento delle attività formative autogestite dagli studenti nel campo della cultura e degli scambi culturali, dello sport e del tempo libero. Il Consiglio delibera l’assegnazione dei fondi per le attività culturali autogestite dagli studenti, previa valutazione delle stesse secondo le norme del relativo regolamento. 4.bis. Il Consiglio delibera in merito alla gestione degli spazi assegnati agli studenti. Il Consiglio esprime pareri obbligatori sulle seguenti materie: a. il Regolamento didattico d’Ateneo e l’attivazione e disattivazione dei corsi di studio; b. le modifiche degli ordinamenti e regolamenti dei corsi di studio di competenza del Senato accademico; c. la determinazione di contributi e tasse a carico degli studenti; d. le modifiche dello Statuto e del Regolamento generale; e. il bilancio annuale di previsione dell’Ateneo e il bilancio di esercizio relativo all’anno precedente; f. il Regolamento di funzionamento del Consiglio Studentesco; g. il Bilancio di Genere, il Piano Strategico, il Rapporto di Sostenibilità e il Piano Integrato di Attività e Organizzazione. Si prescinde dal parere ove questo non pervenga entro quindici giorni dalla trasmissione al Consiglio del testo della proposta. abrogato. Il Consiglio è formato dagli studenti eletti nel Senato accademico, nel Consiglio di Amministrazione, negli organi di gestione e controllo del diritto allo studio, nel Comitato unico di garanzia. Ne fanno inoltre parte studenti eletti direttamente dai collegi riferiti ai settori culturali dell’Ateneo, in numero non inferiore a quello dei membri di diritto. Il numero complessivo dei componenti non deve essere superiore a quaranta. L’Università fornisce i supporti logistici e di personale necessari per il funzionamento del Consiglio. Il Regolamento per il funzionamento del Consiglio di cui all’art. 13, comma 3, lett. c., deve comunque prevedere l’elezione di un Presidente scelto al proprio interno, che rappresenti il Consiglio a tutti gli effetti.";explicit_reference;1.0
6;regolamento:114:1;"Il Regolamento contenente le modalità di costituzione e di funzionamento del Comitato Unico di Garanzia per le pari opportunità, la valorizzazione del benessere di chi lavora e contro le discriminazioni dell’Università, previsto dall’art. 19 dello Statuto, deve prevedere: a) la composizione paritetica dell’organo, formato da un componente designato da ciascuna delle organizzazioni sindacali maggiormente rappresentative nell’Ateneo individuate secondo criteri definiti nel Regolamento e da un pari numero di rappresentanti, docenti e tecnici amministrativi, dell’amministrazione universitaria, ivi compreso il Presidente, e da altrettanti supplenti; la composizione del Comitato è integrata da due rappresentanti degli studenti, e altrettanti supplenti, che partecipano alle sedute e hanno diritto di voto sui soli argomenti che riguardano la componente studentesca; b) le modalità di designazione dei rappresentanti dell’amministrazione universitaria; c) una composizione che assicuri la parità di genere; d) la modalità di nomina; e) i motivi che determinano l’eventuale decadenza dalla carica dei componenti che non partecipino con continuità alle sedute dell’organo; f) le modalità di designazione del Presidente; g) i compiti del Presidente; h) l’individuazione del segretario verbalizzante; i) le modalità di convocazione delle sedute ordinarie e straordinarie; j) la previsione di una cadenza periodica delle sedute ordinarie; k) le condizioni di validità delle sedute e delle deliberazioni; l) abrogato; m) la possibilità di costituire commissioni e gruppi di lavoro; n) i compiti di natura propositiva, consultiva e di verifica del Comitato e i rapporti con l’amministrazione universitaria; o) la previsione di una relazione annuale entro il 30 marzo di ogni anno sulla situazione del personale dell’Università riferita all’anno precedente riguardante l’attuazione dei principi di parità, pari opportunità, benessere organizzativo e di contrasto alle discriminazioni e alle violenze morali e psicologiche nei luoghi di lavoro e di studio da trasmettere al Rettore e al Direttore generale.";statuto:19;"È istituito il Comitato unico di garanzia per le pari opportunità, la valorizzazione del benessere di chi lavora e contro le discriminazioni. Il Comitato svolge le seguenti funzioni: a. promuove le pari opportunità per tutte le componenti che studiano e lavorano nell’Università, proponendo misure e azioni dirette a prevenire e a contrastare ogni forma di discriminazione, in particolare se fondata sul genere, sull’orientamento sessuale, sulla razza, sull’origine etnica, sulla religione, sulle convinzioni personali e politiche, sulle condizioni di disabilità, sull’età; b. promuove la parità effettiva fra i generi, individuando le eventuali discriminazioni, dirette e indirette, nella formazione professionale, nell’accesso al lavoro, nelle condizioni di lavoro, nelle progressioni di carriera, nella retribuzione, e proponendo le iniziative necessarie a rimuoverle. Predispone piani di azioni positive dirette a prevenire le discriminazioni e a promuovere condizioni di effettiva parità per il genere sottorappresentato; c. promuove la diffusione della cultura delle pari opportunità, anche attraverso la valorizzazione degli studi di genere e lo svolgimento di attività a carattere scientifico, formativo e culturale; d. promuove azioni dirette a favorire la realizzazione di un ambiente lavorativo improntato al benessere organizzativo, contrastando qualsiasi forma di discriminazione e di violenza morale, fisica o psicologica; e. favorisce l’adozione di politiche di conciliazione tra tempi di vita e di lavoro; f. assume, nell’ambito di sua competenza, compiti propositivi, consultivi e di monitoraggio. Il Comitato è formato, in pari numero, da componenti designati da ciascuna delle organizzazioni sindacali maggiormente rappresentative nell’Ateneo e da rappresentanti dell’amministrazione appartenenti sia al personale docente sia al personale tecnico-amministrativo, nonché da altrettanti componenti supplenti. La composizione del Comitato è integrata da due rappresentanti degli studenti, e altrettanti supplenti, individuati secondo le modalità indicate nel Regolamento generale di Ateneo, che partecipano alle sedute e hanno diritto di voto sui soli argomenti che riguardano la componente studentesca. Le modalità di costituzione, anche attraverso procedura elettorale, e di funzionamento del Comitato sono disciplinate con apposito regolamento che deve in ogni caso assicurare la parità di genere. I componenti del Comitato durano in carica quattro anni e il loro mandato può essere rinnovato per una sola volta consecutivamente. I rappresentanti della componente studentesca durano in carica due anni accademici e il loro mandato può essere rinnovato per una sola volta consecutivamente.";explicit_reference;1.0
7;regolamento:116:1;Ai sensi dell’art. 22 dello Statuto, il dipartimento è la struttura di base in cui si articola l’Ateneo per il perseguimento dei propri fini istituzionali. Esso è caratterizzato da un ambito di discipline omogenee definito da una declaratoria, comprensiva di un elenco di settori scientifico-disciplinari, individuato con riferimento a linee di ricerca e di offerta formativa, anche di carattere multidisciplinare.;statuto:22;"Il dipartimento è la struttura di base su cui si articola l’Ateneo per il conseguimento dei propri fini istituzionali. Il dipartimento è caratterizzato da un ambito di discipline omogenee definito da una declaratoria, comprensiva di un elenco di settori scientifico-disciplinari, individuata con riferimento a linee di ricerca e di offerta formativa, anche di carattere multidisciplinare. Il dipartimento: - promuove, coordina e gestisce le attività di ricerca, svolte nel proprio ambito, nel rispetto dell’autonomia scientifica dei singoli docenti, garantendo un equo e regolamentato accesso alle proprie risorse; - promuove, coordina e gestisce le attività didattiche di uno o più corsi di laurea, laurea magistrale, scuole di specializzazione, corsi di dottorato e master anche in collaborazione con altre strutture nel rispetto dell’autonomia didattica dei singoli docenti; - promuove, coordina e gestisce, nel proprio ambito, le attività di terza missione, anche in collaborazione con le altre strutture dell’Ateneo. L’attivazione e la disattivazione di un dipartimento sono deliberate dal Consiglio di Amministrazione, su proposta del Senato accademico; la delibera di attivazione o di disattivazione comporta automaticamente la conseguente variazione dell’elenco di cui al comma 14 del presente articolo. La modifica dei settori scientifico-disciplinari riguardanti un dipartimento è deliberata dal Senato accademico a maggioranza dei componenti, previo parere del Consiglio di Amministrazione, acquisita la proposta o il parere di tutti i consigli di dipartimento interessati. La relativa delibera del Senato accademico comporta automaticamente l’adeguamento dell’elenco dei settori scientifico-disciplinari del dipartimento, di cui al comma 14 del presente articolo. Per istituire un dipartimento sono necessari almeno quaranta docenti. Eventuali deroghe possono essere deliberate dal Consiglio di Amministrazione, sentito il Senato accademico o su proposta dello stesso, qualora un dipartimento comprenda al suo interno la totalità o la netta prevalenza dei docenti di Ateneo di un’area CUN, fermo restando il rispetto del limite di trenta unità per tutto il quinquennio successivo. Qualora la componente docente scenda al di sotto dei suddetti limiti per un periodo di due anni, il Consiglio di Amministrazione procede alla relativa disattivazione. Ciascun docente afferisce a un solo dipartimento. I docenti, al momento della presa di servizio, afferiscono al dipartimento che ne ha deliberato la relativa chiamata. Tale afferenza deve essere mantenuta per almeno un triennio. La richiesta di un docente di afferire a un dipartimento diverso da quello di appartenenza è approvata dal Consiglio di Amministrazione, sentiti il Senato accademico e i consigli dei dipartimenti stessi, previa verifica del fabbisogno dei dipartimenti interessati e sulla base dei criteri generali definiti dal Senato accademico e contenuti nel Regolamento generale di Ateneo. Il dipartimento si dota di un proprio regolamento di funzionamento approvato dal relativo Consiglio, trasmesso al Senato accademico per i controlli previsti dall’art. 46 del presente Statuto, ed emanato con decreto del Rettore. Il dipartimento ha autonomia gestionale e amministrativa, da esercitarsi secondo le modalità previste nel Regolamento di Ateneo per l’Amministrazione, la Finanza e la Contabilità. Il regolamento di funzionamento può prevedere l’attivazione, per specifiche esigenze di carattere scientifico, di articolazioni interne al dipartimento e ne definisce i limiti, le condizioni e le finalità: tali articolazioni sono chiamate sezioni e sono prive di rappresentatività esterna. Il fabbisogno di personale docente e tecnico-amministrativo di ciascun dipartimento è definito dal Consiglio di Amministrazione, sentito il Senato accademico, ed è aggiornato nell’ambito della programmazione triennale, prevista dalla legislazione vigente, o in caso di attivazione e disattivazione di dipartimenti. Tale fabbisogno può essere aggiornato in caso di variazione dell’afferenza dei docenti. L’elenco dei dipartimenti con i relativi settori scientifico-disciplinari e il loro inquadramento nei settori culturali costituisce allegato al presente Statuto.";explicit_reference;1.0
8;regolamento:117:2;La proposta di istituzione di un nuovo dipartimento può scaturire anche su iniziativa di un gruppo di docenti di almeno quaranta unità che intendono afferire al dipartimento stesso, salvo che ricorra l’ipotesi di cui all’art. 22, comma 6, dello Statuto per cui tale limite può essere derogato. In tale ipotesi il Senato è tenuto a portarla in discussione e a motivare l’eventuale parere negativo.;statuto:22:6;Per istituire un dipartimento sono necessari almeno quaranta docenti. Eventuali deroghe possono essere deliberate dal Consiglio di Amministrazione, sentito il Senato accademico o su proposta dello stesso, qualora un dipartimento comprenda al suo interno la totalità o la netta prevalenza dei docenti di Ateneo di un’area CUN, fermo restando il rispetto del limite di trenta unità per tutto il quinquennio successivo. Qualora la componente docente scenda al di sotto dei suddetti limiti per un periodo di due anni, il Consiglio di Amministrazione procede alla relativa disattivazione.;explicit_reference;1.0
9;regolamento:121:3;"Il Regolamento di cui al comma 1 deve contenere: a) le indicazioni riguardanti le finalità del dipartimento; b) la declaratoria di cui all’art. 22, comma 2, dello Statuto; c) le indicazioni riguardanti la sede del dipartimento, l’eventuale intitolazione della struttura e l’eventuale logo della struttura; d) l’indicazione dei corsi di laurea, di laurea magistrale, di specializzazione, di dottorato di ricerca e dei master, che afferiscono al dipartimento anche non in via esclusiva; e) le indicazioni circa la composizione, le competenze e le modalità di funzionamento degli organi del dipartimento, anche mediante il semplice rinvio alla normativa statutaria e regolamentare di Ateneo e, in ogni caso, in osservanza di quest’ultima. Per quanto concerne le modalità di espressione del voto deve essere fatto riferimento all’art. 97 del Capo I del Titolo III del presente Regolamento; f) le indicazioni circa le modalità di elezione e funzionamento della giunta dipartimentale, in conformità al presente Regolamento, in osservanza del criterio di semplificazione procedurale e le eventuali competenze che possono essere delegate alla stessa nell’osservanza dei criteri di cui all’art. 26 dello Statuto; g) le indicazioni circa l’eventuale attivazione, per specifiche esigenze di carattere scientifico, di sezioni interne al dipartimento prive di rappresentatività esterna, definendone i limiti, le condizioni e le specifiche finalità e competenze; in ogni caso a una sezione devono afferire in via esclusiva almeno dieci docenti e alla stessa non possono essere attribuite risorse logistiche e di personale tecnico amministrativo, né funzioni inerenti alla programmazione del personale docente; h) le indicazioni circa l’eventuale costituzione di centri dipartimentali per la gestione di particolari attività di formazione, di ricerca o di servizi, definendone le specifiche finalità e competenze; i) le indicazioni circa l’eventuale costituzione di laboratori con finalità scientifiche e/o didattiche, definendone le specifiche finalità e competenze e l’organizzazione interna, nel rispetto degli indirizzi e criteri organizzativi generali; j) le indicazioni circa l’eventuale costituzione di commissioni interne, definendone le specifiche finalità e competenze; k) le indicazioni circa le modalità di accesso e utilizzo dei locali, delle attrezzature e dei materiali, anche a fini di comodato, nel rispetto della normativa vigente di Ateneo in materia di spazi e di sicurezza; l) le modalità per la presentazione di proposte di modifica al Regolamento del Dipartimento; m) ogni altra disposizione ritenuta utile al funzionamento del dipartimento; n) le indicazioni circa la sua entrata in vigore; o) le indicazioni circa le modalità di funzionamento dell’assemblea studentesca e la disciplina dell’eventuale sospensione dell’attività didattica, nel rispetto delle previsioni di cui all’art. 81-bis.";statuto:22:2;Il dipartimento è caratterizzato da un ambito di discipline omogenee definito da una declaratoria, comprensiva di un elenco di settori scientifico-disciplinari, individuata con riferimento a linee di ricerca e di offerta formativa, anche di carattere multidisciplinare.;explicit_reference;1.0
10;regolamento:121:3;"Il Regolamento di cui al comma 1 deve contenere: a) le indicazioni riguardanti le finalità del dipartimento; b) la declaratoria di cui all’art. 22, comma 2, dello Statuto; c) le indicazioni riguardanti la sede del dipartimento, l’eventuale intitolazione della struttura e l’eventuale logo della struttura; d) l’indicazione dei corsi di laurea, di laurea magistrale, di specializzazione, di dottorato di ricerca e dei master, che afferiscono al dipartimento anche non in via esclusiva; e) le indicazioni circa la composizione, le competenze e le modalità di funzionamento degli organi del dipartimento, anche mediante il semplice rinvio alla normativa statutaria e regolamentare di Ateneo e, in ogni caso, in osservanza di quest’ultima. Per quanto concerne le modalità di espressione del voto deve essere fatto riferimento all’art. 97 del Capo I del Titolo III del presente Regolamento; f) le indicazioni circa le modalità di elezione e funzionamento della giunta dipartimentale, in conformità al presente Regolamento, in osservanza del criterio di semplificazione procedurale e le eventuali competenze che possono essere delegate alla stessa nell’osservanza dei criteri di cui all’art. 26 dello Statuto; g) le indicazioni circa l’eventuale attivazione, per specifiche esigenze di carattere scientifico, di sezioni interne al dipartimento prive di rappresentatività esterna, definendone i limiti, le condizioni e le specifiche finalità e competenze; in ogni caso a una sezione devono afferire in via esclusiva almeno dieci docenti e alla stessa non possono essere attribuite risorse logistiche e di personale tecnico amministrativo, né funzioni inerenti alla programmazione del personale docente; h) le indicazioni circa l’eventuale costituzione di centri dipartimentali per la gestione di particolari attività di formazione, di ricerca o di servizi, definendone le specifiche finalità e competenze; i) le indicazioni circa l’eventuale costituzione di laboratori con finalità scientifiche e/o didattiche, definendone le specifiche finalità e competenze e l’organizzazione interna, nel rispetto degli indirizzi e criteri organizzativi generali; j) le indicazioni circa l’eventuale costituzione di commissioni interne, definendone le specifiche finalità e competenze; k) le indicazioni circa le modalità di accesso e utilizzo dei locali, delle attrezzature e dei materiali, anche a fini di comodato, nel rispetto della normativa vigente di Ateneo in materia di spazi e di sicurezza; l) le modalità per la presentazione di proposte di modifica al Regolamento del Dipartimento; m) ogni altra disposizione ritenuta utile al funzionamento del dipartimento; n) le indicazioni circa la sua entrata in vigore; o) le indicazioni circa le modalità di funzionamento dell’assemblea studentesca e la disciplina dell’eventuale sospensione dell’attività didattica, nel rispetto delle previsioni di cui all’art. 81-bis.";statuto:26;La Giunta coadiuva il Direttore nell’esercizio delle sue funzioni ed esercita attività istruttoria su tutte le materie attribuite al Consiglio del dipartimento. La Giunta delibera sulle materie ad essa espressamente delegate dal Consiglio del dipartimento. La delibera con cui viene approvata la delega, assunta a maggioranza dei componenti del Consiglio del dipartimento, definisce i criteri, la durata e i limiti della delega, il cui contenuto non può comunque eccedere l’ordinaria amministrazione. Non possono essere delegate alla Giunta le competenze espressamente attribuite al Consiglio del dipartimento all’art. 25, comma 2, a eccezione di quelle di cui alle lettere a., b., d., i., j. e k.. La Giunta è composta dal Direttore, dal Vicedirettore, da un rappresentante del personale tecnicoamministrativo, da un rappresentante degli studenti, da un rappresentante dei dottorandi, specializzandi e assegnisti e da una componente docente, suddivisa in modo paritetico fra i professori ordinari, professori associati e ricercatori, comunque non inferiore a due rappresentanti per ciascuna categoria. Alle riunioni della Giunta partecipa il responsabile amministrativo del dipartimento, senza diritto di voto, con funzioni di segretario verbalizzante. La Giunta viene eletta secondo modalità definite nel regolamento del dipartimento, in conformità con il Regolamento Generale di Ateneo, entro un mese dall’insediamento del Direttore e dura in carica per tutto il mandato dello stesso. Le modalità di funzionamento della Giunta sono definite nel regolamento del dipartimento.;explicit_reference;1.0
11;regolamento:121-bis:1;Ai sensi dell’art. 27-bis dello Statuto, i Direttori di dipartimento (di seguito il Collegio) si riuniscono periodicamente in seduta collegiale.;statuto:27-bis;"Nel rispetto delle competenze previste dallo Statuto e fermo restando quanto stabilito dall’art. 11 con riguardo agli organi di Ateneo, è istituito il Collegio dei Direttori di Dipartimento (di seguito Collegio). Il Collegio ha la finalità di promuovere e sviluppare il coordinamento tra i diversi dipartimenti e tra questi e il Rettore, il Senato accademico e il Consiglio di Amministrazione, nonché favorire la sinergia con il Direttore generale e gli altri dirigenti. Per il conseguimento di tali finalità esercita funzioni propositive e consultive. Il Collegio è composto dai Direttori di dipartimento. Il Collegio designa, tra i suoi componenti, un Coordinatore che lo convoca e lo presiede. Il Coordinatore dura in carica un anno. Alle riunioni del Collegio possono partecipare il Rettore e il Direttore generale nonché, su invito del Coordinatore, le persone indicate nell’art. 121-quater, comma 2, del Regolamento Generale di Ateneo. Il Collegio formula proposte al Rettore e al Direttore generale su materie di interesse comune ai dipartimenti e, in particolare, su quelle relative a: a. coordinamento delle attività dei dipartimenti; b. interazione e raccordo con le attività del Direttore generale e degli altri dirigenti; c. procedure amministrative dell’Ateneo e loro uniforme applicazione. Le proposte del Collegio sono trasmesse al Rettore, e, per quanto di competenza, al Direttore Generale. Il Rettore valuta la presentazione delle proposte al Consiglio di Amministrazione e/o al Senato accademico quali argomenti oggetto di comunicazione, esame e/o discussione. Su richiesta del Rettore, del Senato accademico o del Consiglio di amministrazione, il Collegio esprime pareri su materie di interesse comune dei dipartimenti.";explicit_reference;1.0
12;regolamento:122:1;Ai sensi dell’art. 28 dello Statuto la Scuola interdipartimentale è la struttura di raccordo tra più dipartimenti, raggruppati in relazione a criteri di affinità disciplinare riguardanti l’offerta didattica, con funzioni di coordinamento e di razionalizzazione delle attività didattiche nonché di gestione di servizi comuni.;statuto:28;"Per il coordinamento e la razionalizzazione di attività didattiche due o più dipartimenti, raggruppati in relazione a criteri di affinità disciplinare riguardanti l’offerta didattica, possono proporre, a maggioranza dei componenti dei rispettivi consigli, l’istituzione di una struttura di raccordo denominata Scuola. L’istituzione e l’attivazione della Scuola è deliberata dal Consiglio di Amministrazione previo parere del Senato accademico. L’afferenza di un dipartimento a scuole già esistenti è deliberata, su proposta del relativo Consiglio formulata a maggioranza dei suoi componenti, previo parere favorevole della Scuola, dal Consiglio di Amministrazione previo parere del Senato accademico. Ove alle funzioni didattiche e di ricerca si affianchino funzioni assistenziali, al fine di garantire l’integrazione e l’inscindibilità di queste ultime con quelle di insegnamento e di ricerca, la Scuola assume la responsabilità dei rapporti con il servizio sanitario nazionale e le sue diramazioni territoriali, coordina le proposte dei dipartimenti in materia di didattica ed esprime un parere sulle proposte di questi ultimi in materia di programmazione delle risorse. Il recesso di un dipartimento dalla Scuola è deliberato, su proposta del relativo Consiglio formulata a maggioranza dei suoi componenti, dal Consiglio di Amministrazione previo parere del Senato accademico. Il numero delle scuole non può essere superiore a dodici. Ciascun dipartimento può far parte di una sola Scuola, salvo il caso in cui, in relazione al numero e alla rilevanza degli insegnamenti di sua pertinenza, e sulla base di criteri definiti nel Regolamento Generale di Ateneo, possa essere autorizzato dal Consiglio di Amministrazione, previo parere del Senato accademico, a far parte di più scuole. In ogni caso, ai fini della possibilità di costituire una Scuola, ciascun dipartimento può essere conteggiato una sola volta. Sono organi della Scuola: a. il Consiglio; b. il Presidente; c. la Commissione paritetica docenti-studenti. La Scuola si dota di un proprio regolamento di funzionamento approvato dal relativo Consiglio, trasmesso al Senato accademico per i controlli previsti dall’art. 46, ed è emanato con decreto del Rettore. L’istituzione di una Scuola deve avvenire senza oneri aggiuntivi a carico del bilancio di Ateneo.";explicit_reference;1.0
13;regolamento:125:1;"Ai sensi dell’art. 39, comma 5, dello Statuto, e nell’osservanza della disciplina di cui al presente Regolamento, possono essere istituite le seguenti tipologie di centri di Ateneo per promuovere, coordinare e sviluppare attività di ricerca e/o formative ovvero per la gestione o fornitura di servizi di particolare complessità e di interesse generale che interessino in via permanente l’Ateneo: a) di ricerca; b) di formazione; c) di servizio.";statuto:39:5;"Per lo svolgimento di attività formative e/o di ricerca e/o di fornitura e gestione di servizi che interessino in via permanente l’intero Ateneo il Consiglio di Amministrazione, anche su proposta del Senato accademico, può istituire appositi centri di Ateneo; in tal caso il Consiglio di Amministrazione nell’istituire detti centri può assegnare risorse logistiche, di personale e finanziarie. Alle strutture di cui al presente comma il Consiglio di Amministrazione può conferire autonomia gestionale e amministrativa da esercitarsi secondo le modalità previste nel Regolamento di Ateneo per l’Amministrazione, la Finanza e la Contabilità. Analoga disciplina si applica ai centri di cui ai commi 1 e 2 che il Consiglio di Amministrazione, su proposta del Senato accademico, ritenga di valenza generale e permanente per l’Ateneo.";explicit_reference;1.0
14;regolamento:130:1;"Ai sensi dell’art. 39, commi 1 e 2 dello Statuto, e nell’osservanza della disciplina di cui al presente Regolamento, possono essere costituite le seguenti tipologie di centri interdipartimentali: a) di ricerca; b) di formazione; c) di servizio.";statuto:39;"Il Consiglio di Amministrazione, sentito il Senato accademico, può deliberare la costituzione di centri interdipartimentali di formazione e/o ricerca per lo svolgimento di attività formative e/o di ricerca di interesse comune, oppure di rilevante impegno, anche finanziario, che si esplichino su progetti o programmi di durata pluriennale e che coinvolgano docenti afferenti a più dipartimenti. Il Consiglio di Amministrazione, sentito il Senato accademico, può deliberare la costituzione di centri interdipartimentali di servizio per la predisposizione e la fornitura di servizi di interesse comune oppure per la gestione e l’utilizzazione di servizi ed apparecchiature complesse a carattere didattico o scientifico di uso e di interesse comune a più dipartimenti. La proposta di istituzione dei centri di cui ai commi 1 e 2 è formulata dai dipartimenti interessati, i quali devono assicurare per il loro funzionamento le necessarie risorse finanziarie, di personale e logistiche. È fatta salva la possibilità che i regolamenti dei dipartimenti prevedano la costituzione di centri dipartimentali per la gestione di particolari attività di formazione, di ricerca o di servizi. È fatta inoltre salva la possibilità che i regolamenti dei sistemi prevedano la costituzione al loro interno di centri di servizio. Per lo svolgimento di attività formative e/o di ricerca e/o di fornitura e gestione di servizi che interessino in via permanente l’intero Ateneo il Consiglio di Amministrazione, anche su proposta del Senato accademico, può istituire appositi centri di Ateneo; in tal caso il Consiglio di Amministrazione nell’istituire detti centri può assegnare risorse logistiche, di personale e finanziarie. Alle strutture di cui al presente comma il Consiglio di Amministrazione può conferire autonomia gestionale e amministrativa da esercitarsi secondo le modalità previste nel Regolamento di Ateneo per l’Amministrazione, la Finanza e la Contabilità. Analoga disciplina si applica ai centri di cui ai commi 1 e 2 che il Consiglio di Amministrazione, su proposta del Senato accademico, ritenga di valenza generale e permanente per l’Ateneo. Per lo svolgimento di attività formative e di ricerca di comune interesse, ovvero per lo svolgimento in collaborazione di attività istituzionali o di attività di supporto, strumentali o comunque collegate a esse di interesse comune, possono essere stabilite forme di collaborazione con altre università e/o enti pubblici e privati, attraverso la stipula di convenzioni ovvero la costituzione di centri interuniversitari e di consorzi di diritto pubblico. Per le medesime finalità di cui al comma 6 l’Università può stipulare nei limiti consentiti dalla legge contratti associativi per la costituzione o l’acquisizione di partecipazioni in organismi di diritto privato, sempre che sia garantita in base alla legge medesima o a valido patto sociale la responsabilità limitata dell’Università. Le procedure per la costituzione dei centri di cui al presente articolo e le norme generali per il loro funzionamento sono contenute nel Regolamento Generale di Ateneo. La stipulazione delle convenzioni e dei contratti di cui ai commi 6 e 7 è autorizzata, sentito il Senato accademico, dal Consiglio di Amministrazione.";explicit_reference;1.0
15;regolamento:133:2;"Il Direttore rappresenta il centro, esercita funzioni di iniziativa e promozione delle attività del centro, convoca e presiede il Consiglio e predispone la relazione annuale sull’attività del centro stesso che sottopone al Consiglio per l’approvazione per il successivo inoltro ai dipartimenti afferenti e all’amministrazione universitaria; organizza il lavoro del personale tecnico- amministrativo messo a disposizione del centro dai dipartimenti secondo i criteri fissati nei provvedimenti di cui all’art. 17, comma 2, dello Statuto.";statuto:17:2;"Il Direttore generale, in particolare: a. sovrintende all’attuazione della pianificazione strategica e operativa; b. cura l’attuazione dei programmi, dei progetti e degli obiettivi definiti dagli organi di governo, affidandone la gestione ai dirigenti e ai responsabili delle unità organizzative; c. propone agli organi di governo il Piano integrato di attività e organizzazione e gli altri atti previsti dalla normativa vigente, e ne cura l’attuazione; d. cura l’esecuzione delle deliberazioni degli organi di Ateneo; e. indirizza, coordina e verifica l’attività dei dirigenti e dei responsabili delle unità organizzative relativamente alle attività loro assegnate ed esercita il potere sostitutivo in caso di inerzia o per ragioni di necessità e urgenza; f. determina i criteri generali di organizzazione delle strutture amministrative e tecniche, sia dei servizi centrali di Ateneo, sia delle strutture didattico-scientifiche e di servizio, nominando, ove previsto, i rispettivi responsabili; g. adotta gli atti di gestione e i provvedimenti amministrativi ed esercita i poteri di utilizzo delle risorse economico finanziarie e quelli di acquisizione e utilizzo dei proventi, previsti nel presente Statuto o nei regolamenti d’Ateneo; h. stipula i contratti di interesse generale dell’Ateneo e sottoscrive le convenzioni necessarie alla gestione e all’organizzazione dei servizi previsti nel presente Statuto o nei regolamenti di Ateneo; i. promuove e resiste alle liti e alle controversie di lavoro riguardanti il personale tecnico-amministrativo, con il potere di conciliare e di transigere; j. partecipa, senza diritto di voto, alle sedute del Consiglio di Amministrazione e del Senato accademico; k. esercita ogni altro compito che gli è demandato dalla legislazione vigente, dal presente Statuto e dai regolamenti di Ateneo.";explicit_reference;1.0
16;regolamento:136:1;I Centri interuniversitari, i consorzi e gli altri organismi associativi di cui all’art. 39, commi 6 e 7 dello Statuto, sono regolati dalla legislazione vigente in materia e dalle apposite convenzioni attuative.;statuto:39;"Il Consiglio di Amministrazione, sentito il Senato accademico, può deliberare la costituzione di centri interdipartimentali di formazione e/o ricerca per lo svolgimento di attività formative e/o di ricerca di interesse comune, oppure di rilevante impegno, anche finanziario, che si esplichino su progetti o programmi di durata pluriennale e che coinvolgano docenti afferenti a più dipartimenti. Il Consiglio di Amministrazione, sentito il Senato accademico, può deliberare la costituzione di centri interdipartimentali di servizio per la predisposizione e la fornitura di servizi di interesse comune oppure per la gestione e l’utilizzazione di servizi ed apparecchiature complesse a carattere didattico o scientifico di uso e di interesse comune a più dipartimenti. La proposta di istituzione dei centri di cui ai commi 1 e 2 è formulata dai dipartimenti interessati, i quali devono assicurare per il loro funzionamento le necessarie risorse finanziarie, di personale e logistiche. È fatta salva la possibilità che i regolamenti dei dipartimenti prevedano la costituzione di centri dipartimentali per la gestione di particolari attività di formazione, di ricerca o di servizi. È fatta inoltre salva la possibilità che i regolamenti dei sistemi prevedano la costituzione al loro interno di centri di servizio. Per lo svolgimento di attività formative e/o di ricerca e/o di fornitura e gestione di servizi che interessino in via permanente l’intero Ateneo il Consiglio di Amministrazione, anche su proposta del Senato accademico, può istituire appositi centri di Ateneo; in tal caso il Consiglio di Amministrazione nell’istituire detti centri può assegnare risorse logistiche, di personale e finanziarie. Alle strutture di cui al presente comma il Consiglio di Amministrazione può conferire autonomia gestionale e amministrativa da esercitarsi secondo le modalità previste nel Regolamento di Ateneo per l’Amministrazione, la Finanza e la Contabilità. Analoga disciplina si applica ai centri di cui ai commi 1 e 2 che il Consiglio di Amministrazione, su proposta del Senato accademico, ritenga di valenza generale e permanente per l’Ateneo. Per lo svolgimento di attività formative e di ricerca di comune interesse, ovvero per lo svolgimento in collaborazione di attività istituzionali o di attività di supporto, strumentali o comunque collegate a esse di interesse comune, possono essere stabilite forme di collaborazione con altre università e/o enti pubblici e privati, attraverso la stipula di convenzioni ovvero la costituzione di centri interuniversitari e di consorzi di diritto pubblico. Per le medesime finalità di cui al comma 6 l’Università può stipulare nei limiti consentiti dalla legge contratti associativi per la costituzione o l’acquisizione di partecipazioni in organismi di diritto privato, sempre che sia garantita in base alla legge medesima o a valido patto sociale la responsabilità limitata dell’Università. Le procedure per la costituzione dei centri di cui al presente articolo e le norme generali per il loro funzionamento sono contenute nel Regolamento Generale di Ateneo. La stipulazione delle convenzioni e dei contratti di cui ai commi 6 e 7 è autorizzata, sentito il Senato accademico, dal Consiglio di Amministrazione.";explicit_reference;1.0
17;regolamento:137:1;Ai sensi e per gli effetti di cui all’art. 38 dello Statuto il presente Titolo contiene le norme generali per il funzionamento del Sistema Bibliotecario di Ateneo, del Sistema Museale di Ateneo e del Sistema Informatico di Ateneo e per le loro interconnessioni.;statuto:38;Il sistema bibliotecario di Ateneo è un sistema unitario e coordinato delle strutture bibliotecarie e documentali dell’Università di Pisa preposte allo sviluppo, alla gestione, alla fruizione, alla valorizzazione e alla conservazione del patrimonio bibliografico e documentale. In particolare, cura l’organizzazione dei servizi atti a favorire e promuovere l’accesso all’informazione bibliografica e la disseminazione della conoscenza attraverso le modalità tradizionali e mediante l’utilizzo delle nuove tecnologie e il sostegno all’accesso aperto alla letteratura scientifica di ogni ambito disciplinare, in funzione dell’esigenza della ricerca, della didattica e delle attività degli organi amministrativi e di valutazione dell’Ateneo. Il sistema bibliotecario di Ateneo è costituito dalle biblioteche dell’Università e dall’archivio centrale di Ateneo. Le norme generali per il funzionamento e l’interconnessione delle biblioteche sono definite nel Regolamento Generale di Ateneo. Il sistema museale di Ateneo, istituito al fine di sostenere e coordinare le strutture museali nello svolgimento dei loro compiti istituzionali di ricerca scientifica, di didattica e di promozione della cultura, ha quale obiettivo l’integrazione progressiva del complesso dei musei e delle collezioni dell’Ateneo, anche allo scopo di costruire un itinerario ideale che colleghi la memoria storica agli orizzonti attuali del sapere in una visione multidisciplinare, e l’ottimizzazione della gestione delle risorse. Il sistema museale di Ateneo è costituito dai musei e dalle collezioni universitarie. Le norme generali per il funzionamento e l’interconnessione dei musei e delle collezioni sono definite nel Regolamento Generale di Ateneo. Il sistema bibliotecario di Ateneo e il sistema museale di Ateneo definiscono quanto necessario ad assicurare il loro coordinamento. L’Ateneo assicura ai sistemi bibliotecario e museale autonomia gestionale e amministrativa, da esercitarsi secondo le modalità previste nel Regolamento per l’Amministrazione, la Finanza e la Contabilità. Il sistema informatico di Ateneo è un sistema unitario e coordinato delle strutture informatiche preposte all’organizzazione, alla gestione e allo sviluppo dei servizi informatici dell’Ateneo. Le norme generali per il funzionamento e le interconnessioni delle strutture sono definite nel Regolamento Generale di Ateneo. Il sistema informatico di Ateneo e l’eventuale competente struttura dell’amministrazione definiscono quanto necessario ad assicurare il loro coordinamento.;explicit_reference;1.0
18;regolamento:138:3;Ai sensi e per gli effetti di cui all’art. 38 dello Statuto, lo SBA è centro di responsabilità, dotato di autonomia gestionale e amministrativa ai sensi del Regolamento di Ateneo per l’amministrazione, la finanza e la contabilità.;statuto:38;Il sistema bibliotecario di Ateneo è un sistema unitario e coordinato delle strutture bibliotecarie e documentali dell’Università di Pisa preposte allo sviluppo, alla gestione, alla fruizione, alla valorizzazione e alla conservazione del patrimonio bibliografico e documentale. In particolare, cura l’organizzazione dei servizi atti a favorire e promuovere l’accesso all’informazione bibliografica e la disseminazione della conoscenza attraverso le modalità tradizionali e mediante l’utilizzo delle nuove tecnologie e il sostegno all’accesso aperto alla letteratura scientifica di ogni ambito disciplinare, in funzione dell’esigenza della ricerca, della didattica e delle attività degli organi amministrativi e di valutazione dell’Ateneo. Il sistema bibliotecario di Ateneo è costituito dalle biblioteche dell’Università e dall’archivio centrale di Ateneo. Le norme generali per il funzionamento e l’interconnessione delle biblioteche sono definite nel Regolamento Generale di Ateneo. Il sistema museale di Ateneo, istituito al fine di sostenere e coordinare le strutture museali nello svolgimento dei loro compiti istituzionali di ricerca scientifica, di didattica e di promozione della cultura, ha quale obiettivo l’integrazione progressiva del complesso dei musei e delle collezioni dell’Ateneo, anche allo scopo di costruire un itinerario ideale che colleghi la memoria storica agli orizzonti attuali del sapere in una visione multidisciplinare, e l’ottimizzazione della gestione delle risorse. Il sistema museale di Ateneo è costituito dai musei e dalle collezioni universitarie. Le norme generali per il funzionamento e l’interconnessione dei musei e delle collezioni sono definite nel Regolamento Generale di Ateneo. Il sistema bibliotecario di Ateneo e il sistema museale di Ateneo definiscono quanto necessario ad assicurare il loro coordinamento. L’Ateneo assicura ai sistemi bibliotecario e museale autonomia gestionale e amministrativa, da esercitarsi secondo le modalità previste nel Regolamento per l’Amministrazione, la Finanza e la Contabilità. Il sistema informatico di Ateneo è un sistema unitario e coordinato delle strutture informatiche preposte all’organizzazione, alla gestione e allo sviluppo dei servizi informatici dell’Ateneo. Le norme generali per il funzionamento e le interconnessioni delle strutture sono definite nel Regolamento Generale di Ateneo. Il sistema informatico di Ateneo e l’eventuale competente struttura dell’amministrazione definiscono quanto necessario ad assicurare il loro coordinamento.;explicit_reference;1.0
19;regolamento:138:2;Il sistema organizza e coordina altresì le attività trasversali ai poli bibliotecari, quali i cataloghi informatizzati di Ateneo, le risorse bibliografiche digitali e le riviste elettroniche. Gestisce l’archivio generale di Ateneo che conserva tutta la documentazione amministrativa in forma cartacea dell’Università di Pisa. Gestisce inoltre i servizi centralizzati per la documentazione amministrativa, il deposito e la conservazione delle tesi in formato elettronico, l’archivio ad accesso aperto delle pubblicazioni dell’Ateneo. Per i fini di cui al presente comma lo SBA può prevedere la costituzione di centri di servizi ai sensi dell’art. 39, comma 4, dello Statuto.;statuto:39:4;È fatta salva la possibilità che i regolamenti dei dipartimenti prevedano la costituzione di centri dipartimentali per la gestione di particolari attività di formazione, di ricerca o di servizi. È fatta inoltre salva la possibilità che i regolamenti dei sistemi prevedano la costituzione al loro interno di centri di servizio.;explicit_reference;1.0
20;regolamento:148:4;Ai sensi e per gli effetti di cui all’art. 38 dello Statuto, lo SMA è centro di responsabilità dotato di autonomia gestionale e amministrativa da esercitarsi secondo le modalità previste dal Regolamento di Ateneo per l’amministrazione, la finanza e la contabilità.;statuto:38;Il sistema bibliotecario di Ateneo è un sistema unitario e coordinato delle strutture bibliotecarie e documentali dell’Università di Pisa preposte allo sviluppo, alla gestione, alla fruizione, alla valorizzazione e alla conservazione del patrimonio bibliografico e documentale. In particolare, cura l’organizzazione dei servizi atti a favorire e promuovere l’accesso all’informazione bibliografica e la disseminazione della conoscenza attraverso le modalità tradizionali e mediante l’utilizzo delle nuove tecnologie e il sostegno all’accesso aperto alla letteratura scientifica di ogni ambito disciplinare, in funzione dell’esigenza della ricerca, della didattica e delle attività degli organi amministrativi e di valutazione dell’Ateneo. Il sistema bibliotecario di Ateneo è costituito dalle biblioteche dell’Università e dall’archivio centrale di Ateneo. Le norme generali per il funzionamento e l’interconnessione delle biblioteche sono definite nel Regolamento Generale di Ateneo. Il sistema museale di Ateneo, istituito al fine di sostenere e coordinare le strutture museali nello svolgimento dei loro compiti istituzionali di ricerca scientifica, di didattica e di promozione della cultura, ha quale obiettivo l’integrazione progressiva del complesso dei musei e delle collezioni dell’Ateneo, anche allo scopo di costruire un itinerario ideale che colleghi la memoria storica agli orizzonti attuali del sapere in una visione multidisciplinare, e l’ottimizzazione della gestione delle risorse. Il sistema museale di Ateneo è costituito dai musei e dalle collezioni universitarie. Le norme generali per il funzionamento e l’interconnessione dei musei e delle collezioni sono definite nel Regolamento Generale di Ateneo. Il sistema bibliotecario di Ateneo e il sistema museale di Ateneo definiscono quanto necessario ad assicurare il loro coordinamento. L’Ateneo assicura ai sistemi bibliotecario e museale autonomia gestionale e amministrativa, da esercitarsi secondo le modalità previste nel Regolamento per l’Amministrazione, la Finanza e la Contabilità. Il sistema informatico di Ateneo è un sistema unitario e coordinato delle strutture informatiche preposte all’organizzazione, alla gestione e allo sviluppo dei servizi informatici dell’Ateneo. Le norme generali per il funzionamento e le interconnessioni delle strutture sono definite nel Regolamento Generale di Ateneo. Il sistema informatico di Ateneo e l’eventuale competente struttura dell’amministrazione definiscono quanto necessario ad assicurare il loro coordinamento.;explicit_reference;1.0
21;regolamento:148:3;Per le attività di cui al comma 2, lo SMA può avvalersi anche di strutture o enti esterni all’Ateneo o da esso partecipati e può prevedere la costituzione di centri di servizi ai sensi dell’art. 39, comma 4 dello Statuto.;statuto:39:4;È fatta salva la possibilità che i regolamenti dei dipartimenti prevedano la costituzione di centri dipartimentali per la gestione di particolari attività di formazione, di ricerca o di servizi. È fatta inoltre salva la possibilità che i regolamenti dei sistemi prevedano la costituzione al loro interno di centri di servizio.;explicit_reference;1.0
22;regolamento:157:2;Ai sensi dell’art. 38, comma 3, dello Statuto, lo SMA definisce con il Sistema Bibliotecario di Ateneo quanto necessario ad assicurare il loro coordinamento.;statuto:38:3;Il sistema bibliotecario di Ateneo e il sistema museale di Ateneo definiscono quanto necessario ad assicurare il loro coordinamento. L’Ateneo assicura ai sistemi bibliotecario e museale autonomia gestionale e amministrativa, da esercitarsi secondo le modalità previste nel Regolamento per l’Amministrazione, la Finanza e la Contabilità.;explicit_reference;1.0
23;regolamento:158:2;Ai sensi e per gli effetti di cui all’art. 38 dello Statuto, il SIA è centro di responsabilità, dotato di autonomia gestionale e amministrativa ai sensi del Regolamento di Ateneo per l’amministrazione, la finanza e la contabilità.;statuto:38;Il sistema bibliotecario di Ateneo è un sistema unitario e coordinato delle strutture bibliotecarie e documentali dell’Università di Pisa preposte allo sviluppo, alla gestione, alla fruizione, alla valorizzazione e alla conservazione del patrimonio bibliografico e documentale. In particolare, cura l’organizzazione dei servizi atti a favorire e promuovere l’accesso all’informazione bibliografica e la disseminazione della conoscenza attraverso le modalità tradizionali e mediante l’utilizzo delle nuove tecnologie e il sostegno all’accesso aperto alla letteratura scientifica di ogni ambito disciplinare, in funzione dell’esigenza della ricerca, della didattica e delle attività degli organi amministrativi e di valutazione dell’Ateneo. Il sistema bibliotecario di Ateneo è costituito dalle biblioteche dell’Università e dall’archivio centrale di Ateneo. Le norme generali per il funzionamento e l’interconnessione delle biblioteche sono definite nel Regolamento Generale di Ateneo. Il sistema museale di Ateneo, istituito al fine di sostenere e coordinare le strutture museali nello svolgimento dei loro compiti istituzionali di ricerca scientifica, di didattica e di promozione della cultura, ha quale obiettivo l’integrazione progressiva del complesso dei musei e delle collezioni dell’Ateneo, anche allo scopo di costruire un itinerario ideale che colleghi la memoria storica agli orizzonti attuali del sapere in una visione multidisciplinare, e l’ottimizzazione della gestione delle risorse. Il sistema museale di Ateneo è costituito dai musei e dalle collezioni universitarie. Le norme generali per il funzionamento e l’interconnessione dei musei e delle collezioni sono definite nel Regolamento Generale di Ateneo. Il sistema bibliotecario di Ateneo e il sistema museale di Ateneo definiscono quanto necessario ad assicurare il loro coordinamento. L’Ateneo assicura ai sistemi bibliotecario e museale autonomia gestionale e amministrativa, da esercitarsi secondo le modalità previste nel Regolamento per l’Amministrazione, la Finanza e la Contabilità. Il sistema informatico di Ateneo è un sistema unitario e coordinato delle strutture informatiche preposte all’organizzazione, alla gestione e allo sviluppo dei servizi informatici dell’Ateneo. Le norme generali per il funzionamento e le interconnessioni delle strutture sono definite nel Regolamento Generale di Ateneo. Il sistema informatico di Ateneo e l’eventuale competente struttura dell’amministrazione definiscono quanto necessario ad assicurare il loro coordinamento.;explicit_reference;1.0
24;regolamento:158:3;Il SIA può prevedere la costituzione di centri di servizi ai sensi dell’art. 39, comma 4, dello Statuto.;statuto:39:4;È fatta salva la possibilità che i regolamenti dei dipartimenti prevedano la costituzione di centri dipartimentali per la gestione di particolari attività di formazione, di ricerca o di servizi. È fatta inoltre salva la possibilità che i regolamenti dei sistemi prevedano la costituzione al loro interno di centri di servizio.;explicit_reference;1.0
25;regolamento:16:1;Ai sensi dell’art. 12, comma 16, dello Statuto, il presente Capo disciplina le elezioni del Rettore.;statuto:12:16;Nel Regolamento Generale di Ateneo sono definite le procedure per le elezioni del Rettore, assicurando in ogni caso la segretezza del voto e l’impossibilità di risalire alla volontà espressa da ciascuno dei gruppi di votanti di cui al comma 4.;explicit_reference;1.0
26;regolamento:167:1;In attuazione dell’art. 38, comma 4, dello Statuto, al fine di assicurare un efficace ed efficiente coordinamento tra il sistema e la Direzione Infrastrutture Digitali, il Presidente e il Dirigente della direzione possono istituire tavoli di coordinamento su specifiche tematiche tecniche di comune interesse.;statuto:38:4;Il sistema informatico di Ateneo è un sistema unitario e coordinato delle strutture informatiche preposte all’organizzazione, alla gestione e allo sviluppo dei servizi informatici dell’Ateneo. Le norme generali per il funzionamento e le interconnessioni delle strutture sono definite nel Regolamento Generale di Ateneo. Il sistema informatico di Ateneo e l’eventuale competente struttura dell’amministrazione definiscono quanto necessario ad assicurare il loro coordinamento.;explicit_reference;1.0
27;regolamento:168:1;Ai sensi dell’art. 46 dello Statuto i regolamenti di funzionamento delle strutture didattiche, scientifiche e di servizio, a eccezione di quelli dei centri di Ateneo, sono approvati a maggioranza assoluta dei componenti del Consiglio della competente struttura e sono sottoposti al controllo di legittimità e di merito del Senato accademico secondo le modalità definite nei successivi commi.;statuto:46;Tutti gli altri regolamenti, ove la legge o il presente Statuto non li attribuisca alla competenza del Senato accademico o del Consiglio di Amministrazione, sono approvati dalle strutture competenti. Detti regolamenti sono comunque trasmessi al Senato accademico, che esercita il controllo di legittimità e di merito con le modalità di cui al Regolamento Generale di Ateneo.;explicit_reference;1.0
28;regolamento:170:7;Quanto previsto al comma 6 del presente articolo trova applicazione anche per i direttori di dipartimento, i presidenti dei sistemi e i direttori dei centri di Ateneo con autonomia gestionale in quanto essi, oltre a esercitare le funzioni connesse alle rispettive cariche, sono investiti di poteri dirigenziali e gestionali ai sensi dell’art. 42 comma 3 dello Statuto di Ateneo.;statuto:42:3;Ai dirigenti e a coloro che sono investiti di poteri dirigenziali e gestionali, ai sensi del Regolamento Generale di Ateneo, spettano le funzioni amministrative, gestionali e tecniche, mediante autonomi poteri di spesa, di organizzazione delle risorse umane e strumentali e di controllo, per lo svolgimento dei procedimenti a essi assegnati dai regolamenti, rimanendo responsabili dei relativi risultati. Tali funzioni sono esercitate, nei limiti delle risorse disponibili, in conformità ai principi di cui al comma 1 e in attuazione dei programmi e delle direttive fissate dagli organi di governo dell'Università e dagli organi collegiali delle strutture didattiche, scientifiche e di servizio.;explicit_reference;1.0
29;regolamento:25:1;"Ai sensi dell’art. 13, comma 19, dello Statuto, il presente Capo disciplina le elezioni delle seguenti rappresentanze nel Senato accademico: a) diciotto docenti a tempo pieno, eletti tra i professori e i ricercatori a tempo indeterminato, in numero di tre per ciascuno dei sei settori culturali in cui sono inquadrati i dipartimenti, in base all’allegato di cui all’art. 22, comma 14, dello Statuto. Dei suddetti tre rappresentanti per ogni settore culturale uno deve essere un Direttore di dipartimento; i restanti due devono essere professori di fasce diverse oppure un professore e un ricercatore; a.bis) un rappresentante dei ricercatori a tempo determinato, in regime di tempo pieno; b) tre componenti in rappresentanza del personale tecnico amministrativo in ruolo.";statuto:13:19;Il Regolamento Generale di Ateneo definisce le procedure elettorali delle varie componenti rappresentative.;explicit_reference;1.0
30;regolamento:25:1;"Ai sensi dell’art. 13, comma 19, dello Statuto, il presente Capo disciplina le elezioni delle seguenti rappresentanze nel Senato accademico: a) diciotto docenti a tempo pieno, eletti tra i professori e i ricercatori a tempo indeterminato, in numero di tre per ciascuno dei sei settori culturali in cui sono inquadrati i dipartimenti, in base all’allegato di cui all’art. 22, comma 14, dello Statuto. Dei suddetti tre rappresentanti per ogni settore culturale uno deve essere un Direttore di dipartimento; i restanti due devono essere professori di fasce diverse oppure un professore e un ricercatore; a.bis) un rappresentante dei ricercatori a tempo determinato, in regime di tempo pieno; b) tre componenti in rappresentanza del personale tecnico amministrativo in ruolo.";statuto:22:14;L’elenco dei dipartimenti con i relativi settori scientifico-disciplinari e il loro inquadramento nei settori culturali costituisce allegato al presente Statuto.;explicit_reference;1.0
31;regolamento:3:2;Le elezioni, a eccezione di quelle di cui al Capo V e VII del presente Titolo, sono indette nei sei mesi precedenti la data di scadenza del mandato e devono concludersi entro la scadenza naturale del precedente mandato, salvo quanto previsto dall’art. 49, comma 3, dello Statuto per l’ipotesi di interruzione del mandato.;statuto:49:3;Fatto salvo quanto previsto dal comma successivo, nei sei mesi precedenti la scadenza del mandato di Rettore e dei responsabili eletti delle strutture didattiche, scientifiche e di servizio dell’Università, ovvero entro trenta giorni dall'interruzione del mandato di quest’ultimi, il decano dei professori ordinari, rispettivamente dell'Università e della struttura interessata, fissa la data delle elezioni. Le elezioni devono concludersi entro la scadenza naturale del precedente mandato, oppure entro sessanta giorni dalla avvenuta interruzione dello stesso. Il primo turno elettorale deve svolgersi almeno trenta giorni prima della scadenza del mandato. In caso di cessazione anticipata del mandato del Rettore la riunione del corpo elettorale di cui all’art. 12 deve essere tenuta entro trenta giorni dalla data di cessazione dalla carica, con esclusione dei giorni di vacanza accademica. 3.bis. Le elezioni per il rinnovo del mandato di Presidente di corso di studio si svolgono, di norma, dal 1° giugno al 30 luglio, previa indizione da parte del Presidente in carica. In caso di interruzione anticipata del mandato, il decano dei professori ordinari del Consiglio fissa la data delle elezioni per il rinnovo della carica, che devono concludersi entro sessanta giorni.;explicit_reference;1.0
32;regolamento:35:1;"Ai sensi dell’art. 14, comma 9, dello Statuto, il presente Capo disciplina le elezioni di cinque componenti interni del Consiglio di Amministrazione, di cui: a) quattro componenti individuati tra professori e ricercatori dell’Ateneo a tempo indeterminato e determinato in regime di tempo pieno; b) un componente appartenente al personale tecnico amministrativo dell’Ateneo a tempo indeterminato.";statuto:14:9;Il Regolamento Generale di Ateneo definisce le procedure per le elezioni dei componenti del personale docente, tecnico-amministrativo e dei rappresentanti degli studenti. 9.bis. L’elettorato attivo per i rappresentanti degli studenti è attribuito agli studenti regolarmente iscritti all’Università di Pisa e ai dottorandi regolarmente iscritti ai corsi di dottorato con sede amministrativa nell’Università di Pisa.;explicit_reference;1.0
33;regolamento:37:1;Per l’elezione dei componenti di cui al precedente art. 35, comma 1, lett. a), l’elettorato attivo spetta a tutti i professori e a tutti i ricercatori a tempo indeterminato e determinato in servizio presso l’Ateneo secondo il termine di cui all’art. 6, comma 2. L’elettorato passivo spetta ai professori e ai ricercatori a tempo indeterminato e determinato, in servizio presso l’Ateneo secondo il termine di cui all’art. 6, comma 2, inseriti nella rosa dei candidati definita dal Senato accademico ai sensi dell’art. 14 dello Statuto.;statuto:14;"Il Consiglio di Amministrazione è organo di governo, di indirizzo strategico e di controllo dell’Università. In particolare il Consiglio di Amministrazione: a. approva, a maggioranza dei suoi componenti, il Regolamento di Ateneo per l’Amministrazione, la Finanza e la Contabilità, nonché, previo parere del Senato accademico, gli altri regolamenti espressamente attribuiti alla sua competenza dalla normativa statale vigente; b. su proposta del Rettore e acquisito il parere del Senato accademico, approva i bilanci annuali e pluriennali di previsione e il documento di programmazione triennale; verifica la coerenza del conto consuntivo con gli indirizzi del bilancio di previsione e delibera la sua approvazione; c. trasmette al ministero dell’università e della ricerca e al ministero dell’economia e delle finanze sia il bilancio di previsione annuale e triennale sia il conto consuntivo; d. delibera, su proposta del Senato accademico o previo suo parere, l’attivazione, modifica o soppressione dei dipartimenti e delle scuole; e. delibera, su proposta del Senato accademico o previo suo parere, l’istituzione, l’attivazione, la soppressione o la disattivazione di corsi e sedi; inoltre esprime parere sui relativi ordinamenti didattici; f. approva le proposte di chiamata formulate dai dipartimenti, con specifico riferimento alla loro sostenibilità finanziaria; g. approva le richieste dei docenti di variazione di afferenza ai dipartimenti, sentiti il Senato accademico e i consigli dei dipartimenti stessi, previa verifica del fabbisogno dei dipartimenti interessati e sulla base dei criteri generali definiti dal Senato accademico e contenuti nel Regolamento generale di Ateneo; h. formula al Senato accademico il parere sui regolamenti di competenza dello stesso nonché sul codice etico; i. ha competenza disciplinare relativamente ai professori e ricercatori universitari, che esercita ai sensi dell’art. 41 e del relativo regolamento di attuazione; j. approva la programmazione del personale e definisce il fabbisogno di personale docente e tecnicoamministrativo per tutte le strutture dell’Ateneo; k. conferisce l’incarico di Direttore generale; l. delibera in ordine all’individuazione delle risorse materiali, economiche e finanziarie da destinare alle diverse finalità e alla loro ripartizione fra le strutture dell’Ateneo; m. abrogato; n. stabilisce, sentito il Nucleo di valutazione, i criteri generali necessari alla individuazione degli indicatori e delle priorità per la valutazione della gestione tecnico-amministrativa; o. esercita il controllo sulla funzionalità della gestione avvalendosi delle indicazioni del Nucleo di valutazione; p. approva le convenzioni e i contratti, anche attinenti alla costituzione di organismi associativi, per l’organizzazione dei servizi didattici e di ricerca; q. delibera il piano di sviluppo edilizio, le acquisizioni di immobili, nonché le alienazioni e le permute di beni immobili di proprietà dell’Ateneo, approvando i relativi interventi attuativi in conformità alle procedure stabilite dal Regolamento di Ateneo per l’Amministrazione, la Finanza e la Contabilità; r. determina, previo parere del Senato accademico, l’importo delle tasse e dei contributi dovuti dagli studenti. Il Consiglio di Amministrazione esercita inoltre tutte le altre attribuzioni che gli sono demandate dall’ordinamento universitario nazionale, dal presente Statuto e dai regolamenti. Il Consiglio di Amministrazione è composto da: a. il Rettore, che lo presiede; b. cinque componenti interni all’Ateneo, di cui uno appartenente al personale tecnico-amministrativo a tempo indeterminato, scelti tra personalità in possesso di comprovata ed elevata competenza in campo gestionale ovvero di specifica esperienza professionale di alto livello con una necessaria attenzione alla qualificazione scientifica e culturale, ovvero tra personalità scientifiche di livello internazionale; c. due componenti esterni all’Ateneo, scelti tra personalità anche straniere in possesso di comprovata ed elevata competenza in campo gestionale ovvero di specifica esperienza professionale di alto livello con una necessaria attenzione alla qualificazione scientifica e culturale, ovvero tra personalità scientifiche di livello internazionale; d. due rappresentanti degli studenti, eletti tra gli iscritti per la prima volta e non oltre il primo anno fuori corso ai corsi di laurea, laurea magistrale e dottorato di ricerca con sede amministrativa nell'Università di Pisa. I componenti esterni non devono appartenere ai ruoli dell’Ateneo almeno a decorrere dai tre anni precedenti alla loro designazione e non devono appartenervi per tutta la durata dell’incarico. I componenti interni, eccetto quello appartenente al personale tecnico-amministrativo, sono professori o ricercatori in regime di tempo pieno. La presentazione delle candidature dei componenti esterni avviene a seguito di avvisi pubblici; quella relativa ai componenti interni è disciplinata con apposito decreto rettorale. In entrambi i casi le candidature devono essere corredate da idoneo curriculum destinato ad ampia pubblicità. Con riguardo alle componenti interne, il Senato accademico provvede a formulare un giudizio di ammissibilità delle candidature tramite rigorosa verifica dei requisiti di competenza richiesti e definisce una rosa di almeno otto candidati per la componente docente e una di almeno due candidati per la componente del personale tecnico-amministrativo. Con riguardo alla componente esterna, una apposita commissione nominata dal Rettore, sulla base delle domande pervenute a seguito dell’avviso pubblico, valutata l’ammissibilità delle stesse, propone una rosa di almeno quattro candidati. In mancanza dei requisiti numerici suddetti o in mancanza di una rappresentanza di entrambi i generi nella rosa relativa a una componente, i termini per la presentazione delle candidature vengono riaperti per quella componente, secondo le regole definite nel Regolamento Generale di Ateneo. All’interno delle predette rose, il personale docente è eletto dai professori e ricercatori anche a tempo determinato; la componente del personale tecnico-amministrativo è eletta dal personale tecnicoamministrativo anche a tempo determinato, assunto con contratto non inferiore a due anni, compresi i collaboratori ed esperti linguistici. Per quanto riguarda i componenti esterni, il Senato accademico li designa all’interno della rosa corrispondente. Il Regolamento Generale di Ateneo definisce le procedure per le elezioni dei componenti del personale docente, tecnico-amministrativo e dei rappresentanti degli studenti. 9.bis. L’elettorato attivo per i rappresentanti degli studenti è attribuito agli studenti regolarmente iscritti all’Università di Pisa e ai dottorandi regolarmente iscritti ai corsi di dottorato con sede amministrativa nell’Università di Pisa. Il Consiglio di Amministrazione è nominato con decreto del Rettore. I componenti eletti o designati durano in carica tre anni accademici, fatta eccezione per i rappresentanti degli studenti che hanno un mandato di durata biennale. Il mandato è rinnovabile per una sola volta consecutivamente. Il Prorettore vicario e il Direttore generale partecipano senza diritto di voto alle sedute del Consiglio di Amministrazione.";explicit_reference;1.0
34;regolamento:42-bis:1;"Ai sensi dell’art. 20, comma 2, dello Statuto, il presente Capo disciplina le elezioni dei tre componenti interni all’Ateneo e dei relativi supplenti nel collegio di disciplina, di cui: a) un componente e il relativo supplente eletti tra i professori ordinari; b) un componente e il relativo supplente eletti tra i professori associati; c) un componente e il relativo supplente eletti tra i ricercatori a tempo indeterminato.";statuto:20:2;Il Collegio è composto da sette membri effettivi, di cui tre professori ordinari, due professori associati, due ricercatori e altrettanti membri supplenti, tutti a tempo indeterminato e in regime di impegno a tempo pieno. Quattro membri effettivi, di cui due professori ordinari, un professore associato e un ricercatore, e altrettanti membri supplenti devono appartenere ai ruoli di altro Ateneo. I membri esterni sono designati, tra una rosa di nominativi proposti dal Rettore, dal Senato accademico, che delibera a maggioranza della sua componente docente. I membri interni sono eletti da ciascuna componente dei docenti di ruolo, secondo le modalità stabilite nel Regolamento Generale di Ateneo. Nel rispetto del principio del giudizio fra pari, il Collegio giudica in composizione variabile secondo modalità definite in apposito regolamento di Ateneo.;explicit_reference;1.0
35;regolamento:44:3;Nel Consiglio Studentesco il numero di rappresentanti da eleggere per ciascuno dei sei settori culturali in cui sono inquadrati i dipartimenti in base all’allegato di cui all’art. 22, comma 14, dello Statuto è determinato, al momento dell’indizione delle elezioni, in proporzione al numero degli studenti iscritti ai corsi di studio afferenti ai dipartimenti del settore culturale.;statuto:22:14;L’elenco dei dipartimenti con i relativi settori scientifico-disciplinari e il loro inquadramento nei settori culturali costituisce allegato al presente Statuto.;explicit_reference;1.0
36;regolamento:45:4;Per le elezioni delle rappresentanze nel Consiglio Studentesco, gli studenti in possesso dell’elettorato attivo sono suddivisi in un numero di collegi pari al numero dei settori culturali in cui sono inquadrati i dipartimenti in base all’allegato di cui all’art. 22, comma 14, dello Statuto e in base all’afferenza dei singoli corsi ai dipartimenti o, nel caso di corsi interdipartimentali, al dipartimento di riferimento.;statuto:22:14;L’elenco dei dipartimenti con i relativi settori scientifico-disciplinari e il loro inquadramento nei settori culturali costituisce allegato al presente Statuto.;explicit_reference;1.0
37;regolamento:60-bis:1;Qualora nel biennio corrispondente a un mandato sia istituito un nuovo Corso di studio, gli studenti rappresentanti nel Consiglio di dipartimento di afferenza del corso, entro il 31 gennaio successivo al suo insediamento, designano, tra gli studenti iscritti al corso stesso, una rappresentanza studentesca in conformità a quanto previsto dall’art. 34, comma 3, dello Statuto di Ateneo. Nel caso di assenza di rappresentanti in carica nel Consiglio di dipartimento, tale compito viene assolto dai rappresentanti nel relativo Consiglio della scuola, ove presente, e, in mancanza anche di quest’ultimo, dal Consiglio Studentesco.;statuto:34:3;"La composizione del Consiglio si rinnova ogni anno con decorrenza dal 15 settembre sulla base della programmazione didattica approvata annualmente, salvo quanto previsto dal comma 4.bis secondo periodo, e comprende: a. i professori e ricercatori che svolgono attività didattica curriculare per almeno un modulo o un insegnamento nel corso di studio; b. i professori e ricercatori che non rientrano nella precedente lettera a., ma svolgono attività didattica curriculare per almeno 1 CFU nel corso di studio; c. i docenti esterni responsabili didattici di un modulo o di un insegnamento; d. per i corsi interuniversitari attivati in convenzione, i docenti appartenenti ad altri atenei che svolgono attività didattica curriculare per almeno 1 CFU nel corso di studio; e. una rappresentanza studentesca così suddivisa: i) nei corsi di laurea e nei corsi di laurea magistrale a ciclo unico, pari a sei studenti, elevabile a otto qualora il numero totale degli iscritti sia superiore a mille; ii) nei corsi di laurea magistrale, pari a quattro studenti, elevabile a sei qualora il numero totale degli iscritti sia superiore a cinquecento. I rappresentanti degli studenti durano in carica due anni e sono rieleggibili per una sola volta consecutivamente. Il Presidente di corso di studio può invitare a partecipare al Consiglio, senza diritto di voto, coloro che collaborano alle attività didattiche integrative del corso.";explicit_reference;1.0
38;regolamento:64:1;Ai sensi dell’art. 21, comma 3, dello Statuto, il presente Capo disciplina le elezioni per la composizione di ciascuna commissione scientifica di area.;statuto:21:3;La definizione delle aree scientifiche, la composizione e le modalità operative delle commissioni di cui al comma 2 sono disciplinate nel Regolamento Generale di Ateneo.;explicit_reference;1.0
39;regolamento:73:1;"Ai sensi dell’art. 25, comma 6, dello Statuto, il presente Capo disciplina le elezioni delle seguenti rappresentanze nel Consiglio di dipartimento: a) personale tecnico-amministrativo assegnato al dipartimento; b) dottorandi e specializzandi rispettivamente dei corsi di dottorato e delle scuole di specializzazione afferenti al dipartimento; c) assegnisti di ricerca del dipartimento.";statuto:25:6;Il numero e le modalità di elezione delle predette rappresentanze sono stabilite nel Regolamento Generale di Ateneo.;explicit_reference;1.0
40;regolamento:173;Ogni richiamo agli assegnisti di ricerca, contenuto nel presente regolamento, deve ritenersi riferito, ai sensi della normativa vigente, anche ai titolari dei contratti di ricerca.;statuto:54;abrogato. abrogato. abrogato. abrogato. abrogato. Ogni richiamo agli assegnisti di ricerca, contenuto nel presente statuto, deve ritenersi riferito, ai sensi della normativa vigente, anche ai titolari dei contratti di ricerca.;candidate_relation;0.15
41;regolamento:111;Per la validità delle riunioni si applica la disciplina in materia prevista nello Statuto. Le deliberazioni nelle commissioni sono prese a maggioranza assoluta dei componenti e trasmesse al competente ufficio dell’amministrazione centrale per gli adempimenti consequenziali.;statuto:51;"Le riunioni degli organi si svolgono in idoneo locale individuato dal Presidente e le stesse possono svolgersi anche in via telematica, secondo le modalità stabilite nei regolamenti di cui al comma 9 del presente articolo. Le riunioni degli organi sono valide se: a. tutti i componenti sono stati convocati mediante comunicazione scritta personale, anche in forma telematica, contenente l’indicazione dell’ordine del giorno e spedita, salvo casi di urgenza, almeno cinque giorni prima della riunione; b. sono presenti almeno la metà più uno, con arrotondamento in difetto, dei componenti. Nel computo per la determinazione del numero legale di cui al precedente comma, lettera b., non si tiene conto, a esclusione dei computi riguardanti il Senato accademico e il Consiglio di Amministrazione, di coloro che abbiano giustificato per iscritto la propria assenza e si tiene conto dei professori e ricercatori in aspettativa obbligatoria per situazioni di incompatibilità o in alternanza ai sensi dell’art. 17 del D.P.R. n. 382/1980 soltanto se intervengono alla riunione. Fatto salvo quanto previsto dai commi precedenti, nel computo per la determinazione del numero legale dei consigli di corso di studio si tiene conto dei docenti di cui all’art. 34, comma 3, lettere b., c., d. soltanto se intervengono alla riunione. L’ordine del giorno è stabilito dal Presidente e deve espressamente indicare le deliberazioni da assumere con maggioranza qualificata laddove prescritta. Nell’ordine del giorno devono essere anche inseriti gli argomenti la cui richiesta sia stata sottoscritta da almeno un quarto, arrotondato all’intero superiore, dei componenti del Collegio. Le deliberazioni sono prese a maggioranza dei presenti, salvo quando sia diversamente disposto. In caso di parità prevale il voto del Presidente. Nel calcolo delle maggioranze si tiene conto dei professori e ricercatori in aspettativa obbligatoria per situazioni di incompatibilità o in alternanza ai sensi dell’art. 17 del D.P.R. n. 382/1980, soltanto se intervengono alla riunione. Coloro che esprimono voto di astensione devono essere considerati tra i presenti. Le deliberazioni del Senato accademico e del Consiglio di Amministrazione e degli altri organi collegiali sono assunte in composizione plenaria salvo i casi in cui la normativa vigente disponga diversamente. In ogni caso, le deliberazioni del Consiglio di dipartimento aventi a oggetto le chiamate del personale docente sono assunte in composizione ristretta ai sensi della legislazione vigente. Sono altresì assunte in composizione ristretta le delibere sulle questioni riguardanti esclusivamente il merito scientifico dei docenti. Nessuno può presenziare alla discussione né concorrere alla deliberazione delle questioni che lo riguardano personalmente o che riguardano il coniuge, i parenti o affini entro il quarto grado. Le modalità di funzionamento degli organi sono disciplinate nei relativi regolamenti.";candidate_relation;0.35
42;regolamento:61;Le cariche di membro del Senato accademico e del Consiglio di Amministrazione sono fra loro incompatibili. Lo studente che viene eletto in entrambi i consessi dovrà esercitare l’opzione per l’uno o l’altro organo entro tre giorni dalla proclamazione, pena la decadenza dalla nomina in entrambi gli organi. Le cariche di cui al comma 1 sono inoltre incompatibili con la carica di componente nel Nucleo di valutazione dell’Ateneo, nonché con ogni altra carica prevista dall’art. 2, comma 1, lett. s) della Legge n. 240/2010.;statuto:50;"Ai sensi del presente articolo per carica si intende quella di Rettore, di componente del Senato accademico e del Consiglio di Amministrazione, di Prorettore e Delegato di cui all’art. 12, comma 2.ter, di Direttore di dipartimento, di Presidente della scuola interdipartimentale, di Direttore di centro di Ateneo di cui all’art. 39, di Presidente di Sistema di Ateneo di cui all’art. 38. Il Rettore e i componenti del Senato accademico e del Consiglio di Amministrazione non possono: a. ricoprire altre cariche, fatta eccezione per il Rettore limitatamente al Senato accademico e al Consiglio di Amministrazione e, per i direttori di dipartimento, limitatamente al Senato accademico, qualora risultino eletti a farne parte; b. ricoprire la carica di Rettore, far parte del Consiglio di Amministrazione, del Senato accademico, del nucleo di valutazione o del Collegio dei revisori dei conti anche di altre università, anche telematiche, o di istituti di istruzione superiore italiani o stranieri, pubblici o privati; c. ricoprire il ruolo di Direttore di scuola di specializzazione e ogni altro incarico incompatibile ai sensi della normativa vigente. Il Prorettore vicario, i prorettori e i delegati di cui all’art. 12, comma 2.ter, i direttori dei dipartimenti e dei centri di Ateneo, i presidenti delle scuole interdipartimentali e i presidenti dei sistemi di Ateneo non possono ricoprire un’altra carica di cui al comma 1. Il Rettore, il Prorettore vicario, i prorettori e i delegati di cui all’art. 12, comma 2.ter, e i direttori dei dipartimenti non possono inoltre assumere la presidenza di corsi di studio e di dottorato. In ogni caso non è possibile assumere la responsabilità di più strutture didattiche, scientifiche e di servizio della medesima tipologia. Chi, ricoprendo una carica in un organo dell’università, è eletto a una carica incompatibile con la prima deve optare entro tre giorni per una delle due cariche. Le cariche e il ruolo di dirigente amministrativo sono incompatibili con quella di membro del Nucleo di valutazione di Ateneo. La carica di componente del Collegio dei revisori dei conti non può essere conferita al personale dipendente dell’Università di Pisa.";candidate_relation;0.35
43;regolamento:71;La carica di membro delle commissioni scientifiche di area e quella di membro del Senato accademico e del Consiglio di Amministrazione sono fra loro incompatibili. Nel caso di incompatibilità sopravvenuta, l’interessato deve optare, entro tre giorni dalla proclamazione, per una delle due cariche, pena la decadenza dalla nomina alla nuova carica.;statuto:50;"Ai sensi del presente articolo per carica si intende quella di Rettore, di componente del Senato accademico e del Consiglio di Amministrazione, di Prorettore e Delegato di cui all’art. 12, comma 2.ter, di Direttore di dipartimento, di Presidente della scuola interdipartimentale, di Direttore di centro di Ateneo di cui all’art. 39, di Presidente di Sistema di Ateneo di cui all’art. 38. Il Rettore e i componenti del Senato accademico e del Consiglio di Amministrazione non possono: a. ricoprire altre cariche, fatta eccezione per il Rettore limitatamente al Senato accademico e al Consiglio di Amministrazione e, per i direttori di dipartimento, limitatamente al Senato accademico, qualora risultino eletti a farne parte; b. ricoprire la carica di Rettore, far parte del Consiglio di Amministrazione, del Senato accademico, del nucleo di valutazione o del Collegio dei revisori dei conti anche di altre università, anche telematiche, o di istituti di istruzione superiore italiani o stranieri, pubblici o privati; c. ricoprire il ruolo di Direttore di scuola di specializzazione e ogni altro incarico incompatibile ai sensi della normativa vigente. Il Prorettore vicario, i prorettori e i delegati di cui all’art. 12, comma 2.ter, i direttori dei dipartimenti e dei centri di Ateneo, i presidenti delle scuole interdipartimentali e i presidenti dei sistemi di Ateneo non possono ricoprire un’altra carica di cui al comma 1. Il Rettore, il Prorettore vicario, i prorettori e i delegati di cui all’art. 12, comma 2.ter, e i direttori dei dipartimenti non possono inoltre assumere la presidenza di corsi di studio e di dottorato. In ogni caso non è possibile assumere la responsabilità di più strutture didattiche, scientifiche e di servizio della medesima tipologia. Chi, ricoprendo una carica in un organo dell’università, è eletto a una carica incompatibile con la prima deve optare entro tre giorni per una delle due cariche. Le cariche e il ruolo di dirigente amministrativo sono incompatibili con quella di membro del Nucleo di valutazione di Ateneo. La carica di componente del Collegio dei revisori dei conti non può essere conferita al personale dipendente dell’Università di Pisa.";candidate_relation;0.35
44;regolamento:100;Le delibere degli organi collegiali sono pubblicate secondo le norme stabilite dalla regolamentazione di Ateneo, nel rispetto del diritto alla riservatezza. L’Università assicura, anche mediante appositi regolamenti, il diritto di accesso ai verbali degli organi collegiali.;statuto:21;Per il migliore funzionamento del Senato accademico e del Consiglio di Amministrazione possono essere costituite commissioni per l’istruzione di tematiche comuni. Il Regolamento Generale di Ateneo disciplina la loro composizione e il loro funzionamento. Per ciascuna area scientifica è costituita una Commissione di area, formata da rappresentanti dei docenti (professori e ricercatori, anche a tempo determinato) afferenti all’area stessa, incaricata di formulare motivate proposte agli organi accademici competenti per l’assegnazione dei finanziamenti all’attività di ricerca autonomamente programmata. La definizione delle aree scientifiche, la composizione e le modalità operative delle commissioni di cui al comma 2 sono disciplinate nel Regolamento Generale di Ateneo.;candidate_relation;0.8
45;regolamento:101;"Con decreto del Rettore sono nominate le seguenti Commissioni permanenti miste fra Senato accademico e Consiglio di Amministrazione, allo scopo di trattare tematiche comuni: a) Commissione I - Didattica, attività studentesche e internazionalizzazione; b) Commissione II - Ricerca e trasferimento tecnologico; c) Commissione III - Politiche del personale; d) Commissione IV - Edilizia e impiantistica; e) Commissione V - Bilancio, programmazione e sviluppo. Ciascuna commissione di cui al comma 1, nell’ambito individualmente attribuito, ha compiti consultivi e istruttori nei confronti degli organi, ai quali può altresì proporre delibere. In caso di tematiche di interesse comune a più commissioni, le medesime possono essere convocate anche congiuntamente.";statuto:21;Per il migliore funzionamento del Senato accademico e del Consiglio di Amministrazione possono essere costituite commissioni per l’istruzione di tematiche comuni. Il Regolamento Generale di Ateneo disciplina la loro composizione e il loro funzionamento. Per ciascuna area scientifica è costituita una Commissione di area, formata da rappresentanti dei docenti (professori e ricercatori, anche a tempo determinato) afferenti all’area stessa, incaricata di formulare motivate proposte agli organi accademici competenti per l’assegnazione dei finanziamenti all’attività di ricerca autonomamente programmata. La definizione delle aree scientifiche, la composizione e le modalità operative delle commissioni di cui al comma 2 sono disciplinate nel Regolamento Generale di Ateneo.;candidate_relation;0.8
46;regolamento:102;Per materie particolari il Senato accademico e il Consiglio di Amministrazione possono deliberare l’istituzione di commissioni, anche partecipate da persone esterne agli organi e all’Ateneo, di durata non superiore a due anni accademici.;statuto:21;Per il migliore funzionamento del Senato accademico e del Consiglio di Amministrazione possono essere costituite commissioni per l’istruzione di tematiche comuni. Il Regolamento Generale di Ateneo disciplina la loro composizione e il loro funzionamento. Per ciascuna area scientifica è costituita una Commissione di area, formata da rappresentanti dei docenti (professori e ricercatori, anche a tempo determinato) afferenti all’area stessa, incaricata di formulare motivate proposte agli organi accademici competenti per l’assegnazione dei finanziamenti all’attività di ricerca autonomamente programmata. La definizione delle aree scientifiche, la composizione e le modalità operative delle commissioni di cui al comma 2 sono disciplinate nel Regolamento Generale di Ateneo.;candidate_relation;0.8
47;regolamento:103;Le Commissioni di cui all’art. 101, fatta eccezione per la Commissione I, sono composte dal Presidente e da un numero di membri pari a dieci, individuati, su proposta del Rettore, dal Senato e dal Consiglio tra i propri componenti, in modo che risulti garantita la rappresentatività dei due organi e dei settori culturali. Di ciascuna commissione fa comunque parte un rappresentante del personale tecnico-amministrativo e un rappresentante degli studenti, designati tra i propri membri dalle stesse componenti congiunte del Senato accademico e del Consiglio di Amministrazione. Della Commissione Ricerca e trasferimento tecnologico fa comunque parte il rappresentante dei dottorandi. Della Commissione III - Politiche del Personale fa comunque parte un rappresentante dei ricercatori a tempo determinato. La Commissione I è composta pariteticamente da tutti i rappresentanti degli studenti nel Senato accademico e nel Consiglio di Amministrazione oltre al Presidente del Consiglio Studentesco e da un pari numero di docenti, compreso il Presidente, individuati, a eccezione di quest’ultimo, all’interno della componente nei due organi. È comunque consentito a tutti i membri del Senato accademico e del Consiglio di Amministrazione partecipare con diritto di parola, ma senza diritto di voto, alle sedute di qualsiasi commissione. I Prorettori e i Delegati del Rettore competenti per materia possono partecipare alle riunioni delle commissioni senza diritto di voto. Esperti della materia o del tema in discussione possono essere invitati dal Presidente a partecipare, senza diritto di voto, alle sedute di ciascuna commissione.;statuto:21;Per il migliore funzionamento del Senato accademico e del Consiglio di Amministrazione possono essere costituite commissioni per l’istruzione di tematiche comuni. Il Regolamento Generale di Ateneo disciplina la loro composizione e il loro funzionamento. Per ciascuna area scientifica è costituita una Commissione di area, formata da rappresentanti dei docenti (professori e ricercatori, anche a tempo determinato) afferenti all’area stessa, incaricata di formulare motivate proposte agli organi accademici competenti per l’assegnazione dei finanziamenti all’attività di ricerca autonomamente programmata. La definizione delle aree scientifiche, la composizione e le modalità operative delle commissioni di cui al comma 2 sono disciplinate nel Regolamento Generale di Ateneo.;candidate_relation;0.8
48;regolamento:104;Tutte le commissioni sono presiedute dal Rettore o da un suo delegato.;statuto:21;Per il migliore funzionamento del Senato accademico e del Consiglio di Amministrazione possono essere costituite commissioni per l’istruzione di tematiche comuni. Il Regolamento Generale di Ateneo disciplina la loro composizione e il loro funzionamento. Per ciascuna area scientifica è costituita una Commissione di area, formata da rappresentanti dei docenti (professori e ricercatori, anche a tempo determinato) afferenti all’area stessa, incaricata di formulare motivate proposte agli organi accademici competenti per l’assegnazione dei finanziamenti all’attività di ricerca autonomamente programmata. La definizione delle aree scientifiche, la composizione e le modalità operative delle commissioni di cui al comma 2 sono disciplinate nel Regolamento Generale di Ateneo.;candidate_relation;0.8
49;regolamento:105;Due assenze consecutive ingiustificate da parte di uno qualsiasi dei componenti di una commissione permanente (con esclusione del Presidente) comportano la decadenza automatica dalla carica. La sostituzione del decaduto avviene con le modalità di cui all’art. 103.;statuto:21;Per il migliore funzionamento del Senato accademico e del Consiglio di Amministrazione possono essere costituite commissioni per l’istruzione di tematiche comuni. Il Regolamento Generale di Ateneo disciplina la loro composizione e il loro funzionamento. Per ciascuna area scientifica è costituita una Commissione di area, formata da rappresentanti dei docenti (professori e ricercatori, anche a tempo determinato) afferenti all’area stessa, incaricata di formulare motivate proposte agli organi accademici competenti per l’assegnazione dei finanziamenti all’attività di ricerca autonomamente programmata. La definizione delle aree scientifiche, la composizione e le modalità operative delle commissioni di cui al comma 2 sono disciplinate nel Regolamento Generale di Ateneo.;candidate_relation;0.8
50;regolamento:106;Ciascuna commissione permanente dispone di una segreteria, secondo la previsione contenuta nell’atto di nomina. Per ciascuna commissione permanente l’amministrazione assicura il servizio di segreteria secondo le modalità di organizzazione interne definite dal Direttore generale.;statuto:21;Per il migliore funzionamento del Senato accademico e del Consiglio di Amministrazione possono essere costituite commissioni per l’istruzione di tematiche comuni. Il Regolamento Generale di Ateneo disciplina la loro composizione e il loro funzionamento. Per ciascuna area scientifica è costituita una Commissione di area, formata da rappresentanti dei docenti (professori e ricercatori, anche a tempo determinato) afferenti all’area stessa, incaricata di formulare motivate proposte agli organi accademici competenti per l’assegnazione dei finanziamenti all’attività di ricerca autonomamente programmata. La definizione delle aree scientifiche, la composizione e le modalità operative delle commissioni di cui al comma 2 sono disciplinate nel Regolamento Generale di Ateneo.;candidate_relation;0.8
51;regolamento:82;"Il Senato accademico e il Consiglio di Amministrazione, di seguito rispettivamente “organo”, si riuniscono, in seduta ordinaria, secondo un calendario stabilito all’inizio di ogni anno solare dal Rettore, in qualità di Presidente. Ciascun organo si riunisce in seduta straordinaria quando: a) il Presidente ritiene che circostanze urgenti e l’andamento della gestione dell’Ateneo lo richiedano; b) almeno un terzo dei componenti ne fa motivata richiesta scritta al Presidente; in questo caso l’organo dovrà essere convocato entro dieci giorni dal ricevimento della richiesta.";statuto:21;Per il migliore funzionamento del Senato accademico e del Consiglio di Amministrazione possono essere costituite commissioni per l’istruzione di tematiche comuni. Il Regolamento Generale di Ateneo disciplina la loro composizione e il loro funzionamento. Per ciascuna area scientifica è costituita una Commissione di area, formata da rappresentanti dei docenti (professori e ricercatori, anche a tempo determinato) afferenti all’area stessa, incaricata di formulare motivate proposte agli organi accademici competenti per l’assegnazione dei finanziamenti all’attività di ricerca autonomamente programmata. La definizione delle aree scientifiche, la composizione e le modalità operative delle commissioni di cui al comma 2 sono disciplinate nel Regolamento Generale di Ateneo.;candidate_relation;0.8
52;regolamento:83;"Il Presidente convoca l’organo e ne fissa l’ordine del giorno. Il Presidente iscrive all’ordine del giorno anche argomenti proposti da un numero di componenti dell’organo non inferiore a un quarto, arrotondato all’intero superiore, purché la richiesta pervenga entro il termine di 8 giorni dallo svolgimento della seduta programmata. La convocazione indica il giorno, l’ora, il luogo dell’adunanza e contiene l’ordine del giorno della seduta. L’ordine del giorno, formulato in maniera chiara e precisa, indica gli argomenti da trattare e quelli per i quali la deliberazione deve essere assunta a maggioranza qualificata. Per motivi di necessità e urgenza possono essere inseriti argomenti in un ordine del giorno integrativo; in tal caso, esso deve essere notificato ai componenti dell’organo almeno 24 ore prima dell’inizio della seduta ed entro tale termine il relativo materiale istruttorio deve essere messo a disposizione degli stessi, con le modalità di cui al successivo comma 6. La convocazione deve essere fatta per iscritto e comunicata con mezzi idonei a certificarne la spedizione e la ricezione almeno cinque giorni prima dell’adunanza. In particolare, gli avvisi di convocazione sono trasmessi per via telematica, mediante servizi di posta elettronica (modalità idonea a sostituire la forma scritta ogni qual volta sia successivamente prevista); in alternativa, nell’impossibilità di utilizzare lo strumento telematico o per esplicita richiesta del singolo componente, la convocazione può essere effettuata a mezzo raccomandata al recapito del destinatario oppure attraverso notificazione presso la sede di servizio. La stessa è comunicata per posta elettronica ai membri dell’altro organo; è inoltre pubblicata sul sito web dell’Ateneo. Almeno due giorni prima della seduta i testi delle istruttorie relative agli argomenti iscritti all’ordine del giorno sono resi disponibili ai componenti";statuto:21;Per il migliore funzionamento del Senato accademico e del Consiglio di Amministrazione possono essere costituite commissioni per l’istruzione di tematiche comuni. Il Regolamento Generale di Ateneo disciplina la loro composizione e il loro funzionamento. Per ciascuna area scientifica è costituita una Commissione di area, formata da rappresentanti dei docenti (professori e ricercatori, anche a tempo determinato) afferenti all’area stessa, incaricata di formulare motivate proposte agli organi accademici competenti per l’assegnazione dei finanziamenti all’attività di ricerca autonomamente programmata. La definizione delle aree scientifiche, la composizione e le modalità operative delle commissioni di cui al comma 2 sono disciplinate nel Regolamento Generale di Ateneo.;candidate_relation;0.8
53;regolamento:84;"La proposta di deliberazione, corredata da una relazione tecnica sottoscritta dal Responsabile del procedimento che ha curato l’istruttoria e vistata dal Dirigente del settore di appartenenza, deve contenere: - l’indicazione delle norme di legge, di Statuto o di Regolamento presupposto della decisione dal punto di vista della legittimità; - le considerazioni di merito e di opportunità a sostegno della deliberazione; - la proposta di dispositivo adeguatamente articolata e, in caso di argomenti che implichino impegni di spesa, la disponibilità in bilancio e l’indicazione del capitolo su cui va a gravare la spesa.";statuto:21;Per il migliore funzionamento del Senato accademico e del Consiglio di Amministrazione possono essere costituite commissioni per l’istruzione di tematiche comuni. Il Regolamento Generale di Ateneo disciplina la loro composizione e il loro funzionamento. Per ciascuna area scientifica è costituita una Commissione di area, formata da rappresentanti dei docenti (professori e ricercatori, anche a tempo determinato) afferenti all’area stessa, incaricata di formulare motivate proposte agli organi accademici competenti per l’assegnazione dei finanziamenti all’attività di ricerca autonomamente programmata. La definizione delle aree scientifiche, la composizione e le modalità operative delle commissioni di cui al comma 2 sono disciplinate nel Regolamento Generale di Ateneo.;candidate_relation;0.8
54;regolamento:85;"Le adunanze dell’organo sono valide se tutti i componenti sono stati regolarmente convocati, ai sensi di quanto previsto dallo Statuto e dal presente Regolamento e se sono presenti almeno la metà più uno dei componenti medesimi; tale quorum deve sussistere per tutto lo svolgimento della seduta. In ogni momento è possibile la verifica, anche su richiesta di ciascun componente, della sussistenza del numero legale. Qualora, a seguito della verifica, non venga raggiunto il numero legale, il Presidente sospende la seduta per un periodo di tempo non superiore a trenta minuti, al termine del quale rinnova l’appello e, qualora perduri la mancanza del numero legale, aggiorna la seduta.";statuto:21;Per il migliore funzionamento del Senato accademico e del Consiglio di Amministrazione possono essere costituite commissioni per l’istruzione di tematiche comuni. Il Regolamento Generale di Ateneo disciplina la loro composizione e il loro funzionamento. Per ciascuna area scientifica è costituita una Commissione di area, formata da rappresentanti dei docenti (professori e ricercatori, anche a tempo determinato) afferenti all’area stessa, incaricata di formulare motivate proposte agli organi accademici competenti per l’assegnazione dei finanziamenti all’attività di ricerca autonomamente programmata. La definizione delle aree scientifiche, la composizione e le modalità operative delle commissioni di cui al comma 2 sono disciplinate nel Regolamento Generale di Ateneo.;candidate_relation;0.8
55;regolamento:86;"Il Presidente: a) convoca e presiede l’organo; b) riconosce la validità dell’adunanza e dichiara aperta la seduta, rinviandola in caso contrario; c) può ritirare, all’inizio della seduta, argomenti iscritti all’ordine del giorno, previa esposizione della motivazione; d) può proporre di variare l’ordine di trattazione degli argomenti iscritti all’ordine del giorno; e) può introdurre nuovi argomenti all’ordine del giorno purché al momento della decisione siano presenti e concordi tutti i componenti dell’organo; in caso contrario l’argomento può essere posto in discussione, ma non può dar luogo a delibera; f) dirige i lavori; g) modera le discussioni; h) concede la parola secondo l’ordine di presentazione della richiesta; i) richiama all’ordine i componenti dell’organo nel caso in cui venga turbato il regolare svolgimento della seduta e in caso di reiterazione di comportamenti inappropriati può invitare i membri interessati ad allontanarsi dalla seduta; j) dichiara chiusa la discussione quando ritiene che l’argomento sia stato adeguatamente dibattuto e comunque una volta verificato che tutti gli iscritti a parlare siano intervenuti sull’argomento; k) pone in votazione le proposte di delibera e proclama, al termine delle votazioni, l’esito delle stesse; l) dichiara sciolta la seduta; m) firma il processo verbale insieme al segretario. In caso di impedimento o assenza del Rettore, o nel caso in cui lo stesso si trovi in situazioni di incompatibilità, le funzioni di Presidente sono assunte dal prorettore vicario. Nel caso in cui si configurino situazioni di incompatibilità sia del Rettore sia del prorettore vicario, le funzioni di Presidente sono assunte per il Senato accademico dal decano dei professori ordinari e dal consigliere docente con maggiore anzianità accademica per il Consiglio di Amministrazione. In caso di cessazione dalla carica di Rettore per qualsiasi causa determinatasi, le funzioni di Presidente sono assunte dal decano dei senatori professori ordinari.";statuto:21;Per il migliore funzionamento del Senato accademico e del Consiglio di Amministrazione possono essere costituite commissioni per l’istruzione di tematiche comuni. Il Regolamento Generale di Ateneo disciplina la loro composizione e il loro funzionamento. Per ciascuna area scientifica è costituita una Commissione di area, formata da rappresentanti dei docenti (professori e ricercatori, anche a tempo determinato) afferenti all’area stessa, incaricata di formulare motivate proposte agli organi accademici competenti per l’assegnazione dei finanziamenti all’attività di ricerca autonomamente programmata. La definizione delle aree scientifiche, la composizione e le modalità operative delle commissioni di cui al comma 2 sono disciplinate nel Regolamento Generale di Ateneo.;candidate_relation;0.8
56;regolamento:87;Le funzioni di segretario verbalizzante sono esercitate dal Direttore generale. In caso di suo impedimento o assenza tali funzioni sono esercitate dal Vicedirettore. In caso di contemporaneo impedimento del Direttore generale e del Vicedirettore, anche per il verificarsi di situazioni di incompatibilità, le funzioni di segretario sono esercitate da un funzionario incaricato dal Direttore generale.;statuto:21;Per il migliore funzionamento del Senato accademico e del Consiglio di Amministrazione possono essere costituite commissioni per l’istruzione di tematiche comuni. Il Regolamento Generale di Ateneo disciplina la loro composizione e il loro funzionamento. Per ciascuna area scientifica è costituita una Commissione di area, formata da rappresentanti dei docenti (professori e ricercatori, anche a tempo determinato) afferenti all’area stessa, incaricata di formulare motivate proposte agli organi accademici competenti per l’assegnazione dei finanziamenti all’attività di ricerca autonomamente programmata. La definizione delle aree scientifiche, la composizione e le modalità operative delle commissioni di cui al comma 2 sono disciplinate nel Regolamento Generale di Ateneo.;candidate_relation;0.8
57;regolamento:88;Ogni componente dell’organo ha il diritto di iniziativa che esercita attraverso la presentazione al Presidente di interrogazioni, mozioni, atti di indirizzo, proposte di deliberazione o emendamenti ad atti sottoposti alla votazione.;statuto:21;Per il migliore funzionamento del Senato accademico e del Consiglio di Amministrazione possono essere costituite commissioni per l’istruzione di tematiche comuni. Il Regolamento Generale di Ateneo disciplina la loro composizione e il loro funzionamento. Per ciascuna area scientifica è costituita una Commissione di area, formata da rappresentanti dei docenti (professori e ricercatori, anche a tempo determinato) afferenti all’area stessa, incaricata di formulare motivate proposte agli organi accademici competenti per l’assegnazione dei finanziamenti all’attività di ricerca autonomamente programmata. La definizione delle aree scientifiche, la composizione e le modalità operative delle commissioni di cui al comma 2 sono disciplinate nel Regolamento Generale di Ateneo.;candidate_relation;0.8
58;regolamento:89;"L’interrogazione consiste in una domanda scritta rivolta al Presidente per sapere: - se è al corrente di un determinato fatto e se questo corrisponde o meno a verità; - quali iniziative intende intraprendere in relazione al manifestarsi di un fatto correlato direttamente alla vita dell’Ateneo. L’interrogazione viene, di norma, presentata prima dell’inizio della seduta e comunque nei termini congrui per consentire una risposta. In caso contrario il Presidente può ammetterla qualora verifichi la sussistenza delle motivazioni di necessità e urgenza tali da richiedere una risposta immediata, altrimenti ne dispone il rinvio alla seduta successiva. Il testo dell’interrogazione e la relativa risposta vengono riportate integralmente nel verbale della seduta.";statuto:21;Per il migliore funzionamento del Senato accademico e del Consiglio di Amministrazione possono essere costituite commissioni per l’istruzione di tematiche comuni. Il Regolamento Generale di Ateneo disciplina la loro composizione e il loro funzionamento. Per ciascuna area scientifica è costituita una Commissione di area, formata da rappresentanti dei docenti (professori e ricercatori, anche a tempo determinato) afferenti all’area stessa, incaricata di formulare motivate proposte agli organi accademici competenti per l’assegnazione dei finanziamenti all’attività di ricerca autonomamente programmata. La definizione delle aree scientifiche, la composizione e le modalità operative delle commissioni di cui al comma 2 sono disciplinate nel Regolamento Generale di Ateneo.;candidate_relation;0.8
59;regolamento:90;"La mozione consiste in una proposta di documento tendente a promuovere una deliberazione dell’organo su questioni riguardanti la comunità universitaria. Il Presidente, accertata l'ammissibilità della mozione in relazione alla tutela della sfera personale e dei valori fondamentali dell’Ateneo, la iscrive all'ordine del giorno della prima seduta utile. La mozione deve pervenire al Presidente entro il giorno successivo alla data di presentazione dell’ordine del giorno della seduta. Nel caso di urgenza la mozione può essere presentata anche successivamente alla scadenza del termine di cui al comma precedente o nel corso della seduta. Il Presidente può ammetterla qualora verifichi l'ammissibilità e la sussistenza dei motivi di urgenza; diversamente ne dispone il rinvio alla seduta successiva.";statuto:21;Per il migliore funzionamento del Senato accademico e del Consiglio di Amministrazione possono essere costituite commissioni per l’istruzione di tematiche comuni. Il Regolamento Generale di Ateneo disciplina la loro composizione e il loro funzionamento. Per ciascuna area scientifica è costituita una Commissione di area, formata da rappresentanti dei docenti (professori e ricercatori, anche a tempo determinato) afferenti all’area stessa, incaricata di formulare motivate proposte agli organi accademici competenti per l’assegnazione dei finanziamenti all’attività di ricerca autonomamente programmata. La definizione delle aree scientifiche, la composizione e le modalità operative delle commissioni di cui al comma 2 sono disciplinate nel Regolamento Generale di Ateneo.;candidate_relation;0.8
60;regolamento:91;La proposta di delibera consiste nella richiesta di esame, in corso di seduta, di uno o più argomenti non inseriti all’ordine del giorno. Su di essa decide il Presidente con le modalità di cui all’art. 86, comma 1, lett. e).;statuto:21;Per il migliore funzionamento del Senato accademico e del Consiglio di Amministrazione possono essere costituite commissioni per l’istruzione di tematiche comuni. Il Regolamento Generale di Ateneo disciplina la loro composizione e il loro funzionamento. Per ciascuna area scientifica è costituita una Commissione di area, formata da rappresentanti dei docenti (professori e ricercatori, anche a tempo determinato) afferenti all’area stessa, incaricata di formulare motivate proposte agli organi accademici competenti per l’assegnazione dei finanziamenti all’attività di ricerca autonomamente programmata. La definizione delle aree scientifiche, la composizione e le modalità operative delle commissioni di cui al comma 2 sono disciplinate nel Regolamento Generale di Ateneo.;candidate_relation;0.8
61;regolamento:92;"L’emendamento consiste in una proposta di cambiamento, per soppressione, sostituzione o aggiunta, di una proposta di deliberazione. Gli emendamenti sono presentati, di norma, in forma scritta, in relazione all’argomento in esame, all’inizio o nel corso dell’illustrazione e della discussione generale e comunque prima dell’inizio delle votazioni. Ogni emendamento può essere illustrato da un presentatore; in tal caso può chiedere e ottenere la parola un componente contrario per replicare. Nel caso di emendamenti su proposte di delibera, la votazione avviene, nell’ordine, sugli emendamenti proposti e sull’intero testo.";statuto:21;Per il migliore funzionamento del Senato accademico e del Consiglio di Amministrazione possono essere costituite commissioni per l’istruzione di tematiche comuni. Il Regolamento Generale di Ateneo disciplina la loro composizione e il loro funzionamento. Per ciascuna area scientifica è costituita una Commissione di area, formata da rappresentanti dei docenti (professori e ricercatori, anche a tempo determinato) afferenti all’area stessa, incaricata di formulare motivate proposte agli organi accademici competenti per l’assegnazione dei finanziamenti all’attività di ricerca autonomamente programmata. La definizione delle aree scientifiche, la composizione e le modalità operative delle commissioni di cui al comma 2 sono disciplinate nel Regolamento Generale di Ateneo.;candidate_relation;0.8
62;regolamento:93;Al fine di acquisire ogni utile elemento di giudizio sugli argomenti in discussione, i senatori e i consiglieri hanno diritto di chiedere informazioni e chiarimenti relativamente agli argomenti iscritti all’ordine del giorno ai funzionari che hanno predisposto le relative istruttorie. Ai senatori e consiglieri è consentito l’accesso informale alla documentazione amministrativa sulle tematiche che riguardano la vita dell’Ateneo, se necessario per il corretto espletamento del proprio mandato. Ove sussistano dubbi sull’accessibilità del documento, l’accesso avviene nella forma scritta. In entrambi i casi, l’accesso è consentito nel rispetto della vigente normativa europea e nazionale, nonché della regolamentazione interna, in materia di accesso e diritto alla protezione dei dati personali. I componenti dell’organo sono tenuti al vincolo della segretezza sulle informazioni acquisite in ragione dell’espletamento del proprio mandato.;statuto:21;Per il migliore funzionamento del Senato accademico e del Consiglio di Amministrazione possono essere costituite commissioni per l’istruzione di tematiche comuni. Il Regolamento Generale di Ateneo disciplina la loro composizione e il loro funzionamento. Per ciascuna area scientifica è costituita una Commissione di area, formata da rappresentanti dei docenti (professori e ricercatori, anche a tempo determinato) afferenti all’area stessa, incaricata di formulare motivate proposte agli organi accademici competenti per l’assegnazione dei finanziamenti all’attività di ricerca autonomamente programmata. La definizione delle aree scientifiche, la composizione e le modalità operative delle commissioni di cui al comma 2 sono disciplinate nel Regolamento Generale di Ateneo.;candidate_relation;0.8
63;regolamento:94;La mancata partecipazione al 40% delle sedute dell’organo in un anno accademico, arrotondato all’intero superiore, così come la mancata giustificazione della propria assenza per tre sedute consecutive, comportano la decadenza dalla carica.;statuto:21;Per il migliore funzionamento del Senato accademico e del Consiglio di Amministrazione possono essere costituite commissioni per l’istruzione di tematiche comuni. Il Regolamento Generale di Ateneo disciplina la loro composizione e il loro funzionamento. Per ciascuna area scientifica è costituita una Commissione di area, formata da rappresentanti dei docenti (professori e ricercatori, anche a tempo determinato) afferenti all’area stessa, incaricata di formulare motivate proposte agli organi accademici competenti per l’assegnazione dei finanziamenti all’attività di ricerca autonomamente programmata. La definizione delle aree scientifiche, la composizione e le modalità operative delle commissioni di cui al comma 2 sono disciplinate nel Regolamento Generale di Ateneo.;candidate_relation;0.8
64;regolamento:95;"Alle sedute dell’organo possono partecipare solo gli aventi diritto. È facoltà del Presidente, anche su proposta di singoli membri, invitare i singoli Prorettori e i Delegati del Rettore alla discussione preliminare sugli argomenti relativi ai settori di competenza. Su invito del Presidente possono inoltre partecipare alle sedute dirigenti, funzionari, docenti competenti per materia, nonché esperti nelle materie sottoposte all’esame dell’organo, anche estranei all’amministrazione, per relazionare su singoli argomenti iscritti all’ordine del giorno. In ogni caso, essi si allontanano prima della votazione. Alle sedute è presente, inoltre, a supporto del Direttore generale che esercita la funzione di segretario, il personale amministrativo da lui appositamente incaricato. L’organo può deliberare di tenere sedute in tutto o in parte pubbliche; al momento della votazione devono comunque essere presenti i soli componenti dell’organo. Nessun componente dell’organo può prendere parte alla discussione e al voto sulle questioni che lo riguardano personalmente o che riguardino il coniuge, la parte dell’unione civile, il convivente, i suoi parenti o affini entro il quarto grado e in tutte le ipotesi per le quali la normativa di Ateneo prevede un dovere di astensione; in tal caso lo stesso si allontana dalla sala della riunione e non è computato nel quorum di validità della seduta e della deliberazione.";statuto:21;Per il migliore funzionamento del Senato accademico e del Consiglio di Amministrazione possono essere costituite commissioni per l’istruzione di tematiche comuni. Il Regolamento Generale di Ateneo disciplina la loro composizione e il loro funzionamento. Per ciascuna area scientifica è costituita una Commissione di area, formata da rappresentanti dei docenti (professori e ricercatori, anche a tempo determinato) afferenti all’area stessa, incaricata di formulare motivate proposte agli organi accademici competenti per l’assegnazione dei finanziamenti all’attività di ricerca autonomamente programmata. La definizione delle aree scientifiche, la composizione e le modalità operative delle commissioni di cui al comma 2 sono disciplinate nel Regolamento Generale di Ateneo.;candidate_relation;0.8
65;regolamento:96;Il Presidente, constatata la presenza del numero legale, apre la seduta con la lettura delle comunicazioni. La comunicazione consiste in una informazione data all’organo su atti, fatti e avvenimenti di interesse per la comunità universitaria. Il Presidente può consentire a ogni componente dell’organo di esporre una o più comunicazioni di cui abbia ricevuto informazione in precedenza.;statuto:21;Per il migliore funzionamento del Senato accademico e del Consiglio di Amministrazione possono essere costituite commissioni per l’istruzione di tematiche comuni. Il Regolamento Generale di Ateneo disciplina la loro composizione e il loro funzionamento. Per ciascuna area scientifica è costituita una Commissione di area, formata da rappresentanti dei docenti (professori e ricercatori, anche a tempo determinato) afferenti all’area stessa, incaricata di formulare motivate proposte agli organi accademici competenti per l’assegnazione dei finanziamenti all’attività di ricerca autonomamente programmata. La definizione delle aree scientifiche, la composizione e le modalità operative delle commissioni di cui al comma 2 sono disciplinate nel Regolamento Generale di Ateneo.;candidate_relation;0.8
66;regolamento:97;"Il Presidente illustra, o invita uno dei soggetti di cui al precedente art. 95, comma 2, a illustrare gli argomenti iscritti all’ordine del giorno, sui quali apre la discussione; il Presidente ha la facoltà di invitare un membro dell’organo a farlo in sua vece. La trattazione degli argomenti deve avvenire secondo l’ordine stabilito nella convocazione; la sequenza di trattazione degli argomenti può essere variata, in apertura di seduta, su proposta del Presidente o di uno o più componenti. Sulla proposta si esprime l’organo con il quorum ordinariamente richiesto per le deliberazioni. I componenti dell’organo che intendono intervenire nella discussione devono iscriversi presso la presidenza. A conclusione degli interventi, il Presidente dichiara chiusa la discussione e invita l’organo a deliberare; a questo punto sono ammessi solo interventi per dichiarazioni di voto, contenenti una sintetica esposizione del proprio orientamento. Il Presidente stabilisce l’ordine delle votazioni, chiarisce il significato del voto e proclama il risultato. Le deliberazioni sono adottate a voto palese, per alzata di mano o per appello nominale. Lo scrutinio segreto viene adottato: a) se le deliberazioni si riferiscono a questioni che riguardano singole persone; b) su richiesta di almeno un membro dell’organo accolta dalla maggioranza dei presenti. Le deliberazioni sono approvate a maggioranza assoluta dei presenti, salvo che la legge, lo Statuto o i regolamenti di Ateneo richiedano quorum qualificati. In caso di parità prevale il voto del Presidente.";statuto:21;Per il migliore funzionamento del Senato accademico e del Consiglio di Amministrazione possono essere costituite commissioni per l’istruzione di tematiche comuni. Il Regolamento Generale di Ateneo disciplina la loro composizione e il loro funzionamento. Per ciascuna area scientifica è costituita una Commissione di area, formata da rappresentanti dei docenti (professori e ricercatori, anche a tempo determinato) afferenti all’area stessa, incaricata di formulare motivate proposte agli organi accademici competenti per l’assegnazione dei finanziamenti all’attività di ricerca autonomamente programmata. La definizione delle aree scientifiche, la composizione e le modalità operative delle commissioni di cui al comma 2 sono disciplinate nel Regolamento Generale di Ateneo.;candidate_relation;0.8
67;regolamento:98;Le deliberazioni dell’organo sono immediatamente esecutive, salvo diversa decisione dell’organo stesso.;statuto:21;Per il migliore funzionamento del Senato accademico e del Consiglio di Amministrazione possono essere costituite commissioni per l’istruzione di tematiche comuni. Il Regolamento Generale di Ateneo disciplina la loro composizione e il loro funzionamento. Per ciascuna area scientifica è costituita una Commissione di area, formata da rappresentanti dei docenti (professori e ricercatori, anche a tempo determinato) afferenti all’area stessa, incaricata di formulare motivate proposte agli organi accademici competenti per l’assegnazione dei finanziamenti all’attività di ricerca autonomamente programmata. La definizione delle aree scientifiche, la composizione e le modalità operative delle commissioni di cui al comma 2 sono disciplinate nel Regolamento Generale di Ateneo.;candidate_relation;0.8
68;regolamento:99;"Delle sedute dell’organo è redatto processo verbale, nel quale si riportano: a) luogo, anno, mese, giorno e ora dell’adunanza; b) ordine del giorno della seduta; c) il nome dei componenti presenti e di quelli assenti, con l’indicazione, per questi ultimi, di coloro che hanno giustificato l’assenza per iscritto, adducendo i motivi dell’impedimento; d) indicazione di chi presiede la seduta e di chi svolge le funzioni di segretario; e) indicazione di soggetti presenti alla discussione; f) gli atti e i documenti allegati; g) una sintesi della discussione, gli interventi formulati in forma scritta di cui si richieda al segretario l’inserimento a verbale; le dichiarazioni di voto; le decisioni di voto con l’indicazione dei voti favorevoli, contrari e astenuti; h) le deliberazioni adottate. Deve inoltre essere riportato nel verbale l’esito della votazione e la proclamazione da parte del Presidente. Fatto salvo quanto disposto all’art. 98, comma 1, il verbale, escluso il caso in cui sia approvato seduta stante, di norma viene approvato nella seduta immediatamente successiva. In tale ultimo caso è messo a disposizione dei componenti dell’organo almeno cinque giorni prima della seduta nella quale avviene l’approvazione. In sede di approvazione del verbale non può essere opposta alcuna eccezione di merito sulle proposte già approvate o respinte; ciascun componente può chiedere che sia rettificato o integrato solo il riassunto del proprio intervento nella discussione. Si può procedere alla rettifica e/o all’integrazione del verbale solo nel caso in cui l’intervento sia stato erroneamente riportato. A supporto della verbalizzazione, le sedute dell’organo sono registrate. Le registrazioni sono conservate a cura del segretario fino all’approvazione del relativo verbale, dopodiché sono distrutte. Il verbale è firmato dal Presidente e dal segretario.";statuto:21;Per il migliore funzionamento del Senato accademico e del Consiglio di Amministrazione possono essere costituite commissioni per l’istruzione di tematiche comuni. Il Regolamento Generale di Ateneo disciplina la loro composizione e il loro funzionamento. Per ciascuna area scientifica è costituita una Commissione di area, formata da rappresentanti dei docenti (professori e ricercatori, anche a tempo determinato) afferenti all’area stessa, incaricata di formulare motivate proposte agli organi accademici competenti per l’assegnazione dei finanziamenti all’attività di ricerca autonomamente programmata. La definizione delle aree scientifiche, la composizione e le modalità operative delle commissioni di cui al comma 2 sono disciplinate nel Regolamento Generale di Ateneo.;candidate_relation;0.8
69;regolamento:121-quater;"Il Collegio, per l’esercizio delle sue funzioni propositive e consultive, si riunisce su convocazione del Coordinatore o su richiesta di almeno un terzo dei suoi componenti. La convocazione indica il giorno, l’ora, il luogo della seduta e contiene l’ordine del giorno. La convocazione deve essere inviata, mediante comunicazione scritta telematica, ai componenti del Collegio almeno cinque giorni prima della seduta, salvo casi di urgenza. La convocazione deve essere inviata, con gli stessi tempi e modalità, al Rettore e al Direttore generale, che possono partecipare alla seduta. Il Coordinatore può, inoltre, invitare, sempre con invio della convocazione, i Prorettori, i Delegati del Rettore, i Presidenti dei Sistemi e i Direttori dei Centri di Ateneo, i Presidenti delle Scuole interdipartimentali, il Presidente del Consiglio Studentesco e i Dirigenti, nonché qualunque persona la cui presenza sia ritenuta utile per la discussione di singoli argomenti iscritti all’ordine del giorno. Le riunioni sono valide se: a) tutti i componenti sono stati regolarmente convocati secondo le modalità indicate al precedente comma 2; b) sono presenti almeno la metà più uno dei componenti. Il Collegio può riunirsi in presenza oppure in via telematica con le modalità previste dal Regolamento di cui all’art. 114-bis del Regolamento generale di Ateneo. Il Collegio, al di fuori delle riunioni convocate per l’esercizio delle sue funzioni propositive e consultive, può riunirsi informalmente, senza il rispetto delle prescrizioni di cui ai commi precedenti, per discutere di questioni di comune interesse. Il servizio di segreteria a supporto delle attività del Collegio è assicurato secondo modalità organizzative interne definite dal Direttore generale.";statuto:27-bis;"Nel rispetto delle competenze previste dallo Statuto e fermo restando quanto stabilito dall’art. 11 con riguardo agli organi di Ateneo, è istituito il Collegio dei Direttori di Dipartimento (di seguito Collegio). Il Collegio ha la finalità di promuovere e sviluppare il coordinamento tra i diversi dipartimenti e tra questi e il Rettore, il Senato accademico e il Consiglio di Amministrazione, nonché favorire la sinergia con il Direttore generale e gli altri dirigenti. Per il conseguimento di tali finalità esercita funzioni propositive e consultive. Il Collegio è composto dai Direttori di dipartimento. Il Collegio designa, tra i suoi componenti, un Coordinatore che lo convoca e lo presiede. Il Coordinatore dura in carica un anno. Alle riunioni del Collegio possono partecipare il Rettore e il Direttore generale nonché, su invito del Coordinatore, le persone indicate nell’art. 121-quater, comma 2, del Regolamento Generale di Ateneo. Il Collegio formula proposte al Rettore e al Direttore generale su materie di interesse comune ai dipartimenti e, in particolare, su quelle relative a: a. coordinamento delle attività dei dipartimenti; b. interazione e raccordo con le attività del Direttore generale e degli altri dirigenti; c. procedure amministrative dell’Ateneo e loro uniforme applicazione. Le proposte del Collegio sono trasmesse al Rettore, e, per quanto di competenza, al Direttore Generale. Il Rettore valuta la presentazione delle proposte al Consiglio di Amministrazione e/o al Senato accademico quali argomenti oggetto di comunicazione, esame e/o discussione. Su richiesta del Rettore, del Senato accademico o del Consiglio di amministrazione, il Collegio esprime pareri su materie di interesse comune dei dipartimenti.";candidate_relation;0.85
70;regolamento:121-ter;Nella prima seduta successiva alla sua costituzione, il Collegio designa un Coordinatore scelto tra i suoi componenti, secondo le modalità previste nel regolamento di funzionamento. In caso di assenza o impedimento, il Coordinatore è sostituito dal decano dei componenti del Collegio.;statuto:27-bis;"Nel rispetto delle competenze previste dallo Statuto e fermo restando quanto stabilito dall’art. 11 con riguardo agli organi di Ateneo, è istituito il Collegio dei Direttori di Dipartimento (di seguito Collegio). Il Collegio ha la finalità di promuovere e sviluppare il coordinamento tra i diversi dipartimenti e tra questi e il Rettore, il Senato accademico e il Consiglio di Amministrazione, nonché favorire la sinergia con il Direttore generale e gli altri dirigenti. Per il conseguimento di tali finalità esercita funzioni propositive e consultive. Il Collegio è composto dai Direttori di dipartimento. Il Collegio designa, tra i suoi componenti, un Coordinatore che lo convoca e lo presiede. Il Coordinatore dura in carica un anno. Alle riunioni del Collegio possono partecipare il Rettore e il Direttore generale nonché, su invito del Coordinatore, le persone indicate nell’art. 121-quater, comma 2, del Regolamento Generale di Ateneo. Il Collegio formula proposte al Rettore e al Direttore generale su materie di interesse comune ai dipartimenti e, in particolare, su quelle relative a: a. coordinamento delle attività dei dipartimenti; b. interazione e raccordo con le attività del Direttore generale e degli altri dirigenti; c. procedure amministrative dell’Ateneo e loro uniforme applicazione. Le proposte del Collegio sono trasmesse al Rettore, e, per quanto di competenza, al Direttore Generale. Il Rettore valuta la presentazione delle proposte al Consiglio di Amministrazione e/o al Senato accademico quali argomenti oggetto di comunicazione, esame e/o discussione. Su richiesta del Rettore, del Senato accademico o del Consiglio di amministrazione, il Collegio esprime pareri su materie di interesse comune dei dipartimenti.";candidate_relation;0.85
